fiscal_year,component,region,pounds,seizure_events,source_url,source_file,extracted_at
2023,Office of Field Operations,Coastal/Interior,254.03,107,https://www.cbp.gov/document/stats/nationwide-drug-seizures,https://www.cbp.gov/sites/default/files/2026-09/nationwide-drugs-fy23-fy26-aug.csv,2026-10-01T23:05:59Z
2023,Office of Field Operations,Northern Border,1.1,14,https://www.cbp.gov/document/stats/nationwide-drug-seizures,https://www.cbp.gov/sites/default/files/2026-09/nationwide-drugs-fy23-fy26-aug.csv,2026-10-01T23:05:59Z
2023,Office of Field Operations,Southwest Border,23926.94,945,https://www.cbp.gov/document/stats/nationwide-drug-seizures,https://www.cbp.gov/sites/default/files/2026-09/nationwide-drugs-fy23-fy26-aug.csv,2026-10-01T23:05:59Z
2023,U.S. Border Patrol,Coastal/Interior,48.51,2,https://www.cbp.gov/document/stats/nationwide-drug-seizures,https://www.cbp.gov/sites/default/files/2026-09/nationwide-drugs-fy23-fy26-aug.csv,2026-10-01T23:05:59Z
2023,U.S. Border Patrol,Northern Border,1.38,18,https://www.cbp.gov/document/stats/nationwide-drug-seizures,https://www.cbp.gov/sites/default/files/2026-09/nationwide-drugs-fy23-fy26-aug.csv,2026-10-01T23:05:59Z
2023,U.S. Border Patrol,Southwest Border,2790.9,265,https://www.cbp.gov/document/stats/nationwide-drug-seizures,https://www.cbp.gov/sites/default/files/2026-09/nationwide-drugs-fy23-fy26-aug.csv,2026-10-01T23:05:59Z
2024,Office of Field Operations,Coastal/Interior,676.17,168,https://www.cbp.gov/document/stats/nationwide-drug-seizures,https://www.cbp.gov/sites/default/files/2026-09/nationwide-drugs-fy23-fy26-aug.csv,2026-10-01T23:05:59Z
2024,Office of Field Operations,Northern Border,10.77,15,https://www.cbp.gov/document/stats/nationwide-drug-seizures,https://www.cbp.gov/sites/default/files/2026-09/nationwide-drugs-fy23-fy26-aug.csv,2026-10-01T23:05:59Z
2024,Office of Field Operations,Southwest Border,18213.4,625,https://www.cbp.gov/document/stats/nationwide-drug-seizures,https://www.cbp.gov/sites/default/files/2026-09/nationwide-drugs-fy23-fy26-aug.csv,2026-10-01T23:05:59Z
2024,U.S. Border Patrol,Coastal/Interior,21.85,3,https://www.cbp.gov/document/stats/nationwide-drug-seizures,https://www.cbp.gov/sites/default/files/2026-09/nationwide-drugs-fy23-fy26-aug.csv,2026-10-01T23:05:59Z
2024,U.S. Border Patrol,Northern Border,32.27,67,https://www.cbp.gov/document/stats/nationwide-drug-seizures,https://www.cbp.gov/sites/default/files/2026-09/nationwide-drugs-fy23-fy26-aug.csv,2026-10-01T23:05:59Z
2024,U.S. Border Patrol,Southwest Border,2934.75,238,https://www.cbp.gov/document/stats/nationwide-drug-seizures,https://www.cbp.gov/sites/default/files/2026-09/nationwide-drugs-fy23-fy26-aug.csv,2026-10-01T23:05:59Z
2025,Office of Field Operations,Coastal/Interior,428.22,191,https://www.cbp.gov/document/stats/nationwide-drug-seizures,https://www.cbp.gov/sites/default/files/2026-09/nationwide-drugs-fy23-fy26-aug.csv,2026-10-01T23:05:59Z
2025,Office of Field Operations,Northern Border,1.47,8,https://www.cbp.gov/document/stats/nationwide-drug-seizures,https://www.cbp.gov/sites/default/files/2026-09/nationwide-drugs-fy23-fy26-aug.csv,2026-10-01T23:05:59Z
2025,Office of Field Operations,Southwest Border,9910.63,492,https://www.cbp.gov/document/stats/nationwide-drug-seizures,https://www.cbp.gov/sites/default/files/2026-09/nationwide-drugs-fy23-fy26-aug.csv,2026-10-01T23:05:59Z
2025,U.S. Border Patrol,Coastal/Interior,33.72,8,https://www.cbp.gov/document/stats/nationwide-drug-seizures,https://www.cbp.gov/sites/default/files/2026-09/nationwide-drugs-fy23-fy26-aug.csv,2026-10-01T23:05:59Z
2025,U.S. Border Patrol,Northern Border,75.58,52,https://www.cbp.gov/document/stats/nationwide-drug-seizures,https://www.cbp.gov/sites/default/files/2026-09/nationwide-drugs-fy23-fy26-aug.csv,2026-10-01T23:05:59Z
2025,U.S. Border Patrol,Southwest Border,1577.66,208,https://www.cbp.gov/document/stats/nationwide-drug-seizures,https://www.cbp.gov/sites/default/files/2026-09/nationwide-drugs-fy23-fy26-aug.csv,2026-10-01T23:05:59Z
2026 (FYTD),Office of Field Operations,Coastal/Interior,766.71,95,https://www.cbp.gov/document/stats/nationwide-drug-seizures,https://www.cbp.gov/sites/default/files/2026-09/nationwide-drugs-fy23-fy26-aug.csv,2026-10-01T23:05:59Z
2026 (FYTD),Office of Field Operations,Northern Border,0.27,11,https://www.cbp.gov/document/stats/nationwide-drug-seizures,https://www.cbp.gov/sites/default/files/2026-09/nationwide-drugs-fy23-fy26-aug.csv,2026-10-01T23:05:59Z
2026 (FYTD),Office of Field Operations,Southwest Border,8186.93,588,https://www.cbp.gov/document/stats/nationwide-drug-seizures,https://www.cbp.gov/sites/default/files/2026-09/nationwide-drugs-fy23-fy26-aug.csv,2026-10-01T23:05:59Z
2026 (FYTD),U.S. Border Patrol,Northern Border,4.44,14,https://www.cbp.gov/document/stats/nationwide-drug-seizures,https://www.cbp.gov/sites/default/files/2026-09/nationwide-drugs-fy23-fy26-aug.csv,2026-10-01T23:05:59Z
2026 (FYTD),U.S. Border Patrol,Southwest Border,1410.4,138,https://www.cbp.gov/document/stats/nationwide-drug-seizures,https://www.cbp.gov/sites/default/files/2026-09/nationwide-drugs-fy23-fy26-aug.csv,2026-10-01T23:05:59Z
