action_date,title,actor,action_type,theme,source_url,source_title,summary
2017-10-26,Nationwide public health emergency for the opioid crisis,U.S. Department of Health and Human Services,Emergency declaration,Public health,https://www.aspr.gov/about/law-policy-strategy/emergency-declarations/declarations-public-health-emergency/2017-10-nationwide,"Determination that a Public Health Emergency Exists, October 26 2017",Acting HHS Secretary Eric D. Hargan determined that a public health emergency exists nationwide as a result of the opioid crisis.
2018-02-06,Temporary placement of fentanyl-related substances in Schedule I,Drug Enforcement Administration,Federal Register order,Supply chain,https://www.govinfo.gov/content/pkg/FR-2018-02-06/pdf/2018-02319.pdf,"Federal Register Vol. 83 No. 25, February 6 2018",DEA temporarily placed fentanyl-related substances in Schedule I. The order is a control on the chemical supply. The Federal Register issue date is February 6 2018.
2018-10-24,SUPPORT for Patients and Communities Act becomes law,United States Congress,Statute,Law,https://www.govinfo.gov/content/pkg/PLAW-115publ271/html/PLAW-115publ271.htm,Public Law 115-271,"Public Law 115-271, the SUPPORT for Patients and Communities Act, is noted as October 24 2018. It includes treatment, surveillance, and some controls on the opioid supply."
2019-02-15,"National emergency at the southern border, with construction authority",Executive Office of the President,Proclamation,Border,https://www.govinfo.gov/content/pkg/FR-2019-02-20/pdf/2019-03011.pdf,"Proclamation 9844, February 15 2019","Proclamation 9844 declared a national emergency at the southern border, cited illicit narcotics among the reasons, and made military construction authority available for the response."
2019-05-01,China's class-wide control of fentanyl-related substances takes effect,People's Republic of China,Foreign scheduling action,Pressure on China,https://trumpwhitehouse.archives.gov/briefings-statements/statement-chinas-class-scheduling-fentanyl/,White House statement on China's class scheduling of fentanyl,China announced it would control fentanyl-related substances as a class. The control took effect May 1 2019. The White House statement describes that pledge.
2023-03-13,Operation Blue Lotus begins,Immigration and Customs Enforcement,Enforcement announcement,Immigration enforcement,https://www.ice.gov/news/releases/operation-blue-lotus-stops-more-900-pounds-fentanyl-entering-us-first-week,ICE news release,"ICE reported that Operation Blue Lotus, a DHS surge aimed at fentanyl smuggling, launched on March 13 2023."
2023-04-12,Fentanyl combined with xylazine designated an emerging threat,White House Office of National Drug Control Policy,Policy designation,Public health,https://bidenwhitehouse.archives.gov/ondcp/briefing-room/2023/04/12/biden-harris-administration-designates-fentanyl-combined-with-xylazine-as-an-emerging-threat-to-the-united-states/,ONDCP briefing,ONDCP designated fentanyl adulterated or associated with xylazine as an emerging threat on April 12 2023.
2023-11-15,United States and China resume counternarcotics cooperation on precursors,United States and the People's Republic of China,Diplomatic commitment,Pressure on China,https://bidenwhitehouse.archives.gov/briefing-room/statements-releases/2023/11/15/readout-of-president-joe-bidens-meeting-with-president-xi-jinping-of-the-peoples-republic-of-china-2/,"White House readout, November 15 2023","At the November 15 2023 meeting, the two governments welcomed renewed cooperation against illicit fentanyl, including precursor chemicals and pill presses. A date is not evidence the commitment reduced deaths."
2024-06-05,Southern-border entry suspension takes effect,Executive Office of the President,Proclamation,Border,https://www.govinfo.gov/content/pkg/FR-2024-06-07/pdf/2024-12647.pdf,"Proclamation 10773, signed June 3 2024","Proclamation 10773, Securing the Border, was signed June 3 2024. The suspension and limitation on entry across the southern border took effect at 12:01 a.m. eastern time on June 5 2024."
2025-01-20,"National emergency at the southern border, including construction authority",Executive Office of the President,Proclamation,Border,https://www.govinfo.gov/content/pkg/FR-2025-01-29/pdf/2025-01948.pdf,"Proclamation 10886, January 20 2025","Proclamation 10886 declared a national emergency at the southern border, cited illicit narcotics, made construction authority available, and revoked the 2021 proclamation that had ended the earlier border emergency."
2025-01-20,Cartels designated for foreign-terrorist and sanctions process,Executive Office of the President,Executive order,Immigration enforcement,https://www.govinfo.gov/content/pkg/FR-2025-01-29/pdf/2025-02004.pdf,"Executive Order 14157, January 20 2025",Executive Order 14157 of January 20 2025 starts a process for designating certain cartels as foreign terrorist organizations and specially designated global terrorists.
2025-02-01,Duties on Chinese goods tied to the synthetic-opioid supply chain,Executive Office of the President,Executive order,Pressure on China,https://www.govinfo.gov/content/pkg/FR-2025-02-07/pdf/2025-02408.pdf,"Executive Order 14195, February 1 2025","Executive Order 14195 of February 1 2025 imposed duties on products of China, citing the synthetic-opioid supply chain and chemical precursors."
2025-02-01,Duties on Mexican goods tied to fentanyl trafficking,Executive Office of the President,Executive order,Border,https://www.govinfo.gov/content/pkg/FR-2025-02-07/pdf/2025-02407.pdf,"Executive Order 14194, February 1 2025","Executive Order 14194 of February 1 2025 imposed duties on products of Mexico, citing illicit opioids and the failure to intercept trafficking at the southern border."
2025-07-16,HALT Fentanyl Act becomes law,United States Congress,Statute,Law,https://www.congress.gov/119/plaws/publ26/PLAW-119publ26.htm,Public Law 119-26,"Public Law 119-26, the Halt All Lethal Trafficking of Fentanyl Act, was approved July 16 2025. It permanently schedules fentanyl-related substances."
