year,group,deaths,is_suppressed,extracted_at
2024,< 1 year,31,False,2026-10-01T23:06:47Z
2024,1-4 years,108,False,2026-10-01T23:06:47Z
2024,5-14 years,38,False,2026-10-01T23:06:47Z
2024,15-24 years,2747,False,2026-10-01T23:06:47Z
2024,25-34 years,10421,False,2026-10-01T23:06:47Z
2024,35-44 years,13645,False,2026-10-01T23:06:47Z
2024,45-54 years,9677,False,2026-10-01T23:06:47Z
2024,55-64 years,7979,False,2026-10-01T23:06:47Z
2024,65-74 years,2837,False,2026-10-01T23:06:47Z
2024,75-84 years,228,False,2026-10-01T23:06:47Z
2024,85+ years,21,False,2026-10-01T23:06:47Z
