Month,Estimated deaths,How this number was produced,"Deaths per 100,000",Change from the previous month,Change from the same month a year earlier,Change in the 12-month total,Official actions that month,Source,Note
1999-01,56,Official final count,0.02,,,,,CDC WONDER final multiple-cause death data,"Deaths recorded on final death certificates for this month. The count is synthetic opioids other than methadone, a group that includes fentanyl and is not fentanyl alone. Population is the July 1 2000 Census estimate."
1999-02,71,Official final count,0.03,15,,,,CDC WONDER final multiple-cause death data,"Deaths recorded on final death certificates for this month. The count is synthetic opioids other than methadone, a group that includes fentanyl and is not fentanyl alone. Population is the July 1 2000 Census estimate."
1999-03,59,Official final count,0.02,-12,,,,CDC WONDER final multiple-cause death data,"Deaths recorded on final death certificates for this month. The count is synthetic opioids other than methadone, a group that includes fentanyl and is not fentanyl alone. Population is the July 1 2000 Census estimate."
1999-04,70,Official final count,0.02,11,,,,CDC WONDER final multiple-cause death data,"Deaths recorded on final death certificates for this month. The count is synthetic opioids other than methadone, a group that includes fentanyl and is not fentanyl alone. Population is the July 1 2000 Census estimate."
1999-05,64,Official final count,0.02,-6,,,,CDC WONDER final multiple-cause death data,"Deaths recorded on final death certificates for this month. The count is synthetic opioids other than methadone, a group that includes fentanyl and is not fentanyl alone. Population is the July 1 2000 Census estimate."
1999-06,50,Official final count,0.02,-14,,,,CDC WONDER final multiple-cause death data,"Deaths recorded on final death certificates for this month. The count is synthetic opioids other than methadone, a group that includes fentanyl and is not fentanyl alone. Population is the July 1 2000 Census estimate."
1999-07,49,Official final count,0.02,-1,,,,CDC WONDER final multiple-cause death data,"Deaths recorded on final death certificates for this month. The count is synthetic opioids other than methadone, a group that includes fentanyl and is not fentanyl alone. Population is the July 1 2000 Census estimate."
1999-08,56,Official final count,0.02,7,,,,CDC WONDER final multiple-cause death data,"Deaths recorded on final death certificates for this month. The count is synthetic opioids other than methadone, a group that includes fentanyl and is not fentanyl alone. Population is the July 1 2000 Census estimate."
1999-09,64,Official final count,0.02,8,,,,CDC WONDER final multiple-cause death data,"Deaths recorded on final death certificates for this month. The count is synthetic opioids other than methadone, a group that includes fentanyl and is not fentanyl alone. Population is the July 1 2000 Census estimate."
1999-10,89,Official final count,0.03,25,,,,CDC WONDER final multiple-cause death data,"Deaths recorded on final death certificates for this month. The count is synthetic opioids other than methadone, a group that includes fentanyl and is not fentanyl alone. Population is the July 1 2000 Census estimate."
1999-11,59,Official final count,0.02,-30,,,,CDC WONDER final multiple-cause death data,"Deaths recorded on final death certificates for this month. The count is synthetic opioids other than methadone, a group that includes fentanyl and is not fentanyl alone. Population is the July 1 2000 Census estimate."
1999-12,43,Official final count,0.02,-16,,,,CDC WONDER final multiple-cause death data,"Deaths recorded on final death certificates for this month. The count is synthetic opioids other than methadone, a group that includes fentanyl and is not fentanyl alone. Population is the July 1 2000 Census estimate."
2000-01,57,Official final count,0.02,14,1,,,CDC WONDER final multiple-cause death data,"Deaths recorded on final death certificates for this month. The count is synthetic opioids other than methadone, a group that includes fentanyl and is not fentanyl alone."
2000-02,76,Official final count,0.03,19,5,,,CDC WONDER final multiple-cause death data,"Deaths recorded on final death certificates for this month. The count is synthetic opioids other than methadone, a group that includes fentanyl and is not fentanyl alone."
2000-03,73,Official final count,0.03,-3,14,,,CDC WONDER final multiple-cause death data,"Deaths recorded on final death certificates for this month. The count is synthetic opioids other than methadone, a group that includes fentanyl and is not fentanyl alone."
2000-04,59,Official final count,0.02,-14,-11,,,CDC WONDER final multiple-cause death data,"Deaths recorded on final death certificates for this month. The count is synthetic opioids other than methadone, a group that includes fentanyl and is not fentanyl alone."
2000-05,74,Official final count,0.03,15,10,,,CDC WONDER final multiple-cause death data,"Deaths recorded on final death certificates for this month. The count is synthetic opioids other than methadone, a group that includes fentanyl and is not fentanyl alone."
2000-06,67,Official final count,0.02,-7,17,,,CDC WONDER final multiple-cause death data,"Deaths recorded on final death certificates for this month. The count is synthetic opioids other than methadone, a group that includes fentanyl and is not fentanyl alone."
2000-07,64,Official final count,0.02,-3,15,,,CDC WONDER final multiple-cause death data,"Deaths recorded on final death certificates for this month. The count is synthetic opioids other than methadone, a group that includes fentanyl and is not fentanyl alone."
2000-08,72,Official final count,0.03,8,16,,,CDC WONDER final multiple-cause death data,"Deaths recorded on final death certificates for this month. The count is synthetic opioids other than methadone, a group that includes fentanyl and is not fentanyl alone."
2000-09,58,Official final count,0.02,-14,-6,,,CDC WONDER final multiple-cause death data,"Deaths recorded on final death certificates for this month. The count is synthetic opioids other than methadone, a group that includes fentanyl and is not fentanyl alone."
2000-10,44,Official final count,0.02,-14,-45,,,CDC WONDER final multiple-cause death data,"Deaths recorded on final death certificates for this month. The count is synthetic opioids other than methadone, a group that includes fentanyl and is not fentanyl alone."
2000-11,63,Official final count,0.02,19,4,,,CDC WONDER final multiple-cause death data,"Deaths recorded on final death certificates for this month. The count is synthetic opioids other than methadone, a group that includes fentanyl and is not fentanyl alone."
2000-12,75,Official final count,0.03,12,32,,,CDC WONDER final multiple-cause death data,"Deaths recorded on final death certificates for this month. The count is synthetic opioids other than methadone, a group that includes fentanyl and is not fentanyl alone."
2001-01,63,Official final count,0.02,-12,6,,,CDC WONDER final multiple-cause death data,"Deaths recorded on final death certificates for this month. The count is synthetic opioids other than methadone, a group that includes fentanyl and is not fentanyl alone."
2001-02,66,Official final count,0.02,3,-10,,,CDC WONDER final multiple-cause death data,"Deaths recorded on final death certificates for this month. The count is synthetic opioids other than methadone, a group that includes fentanyl and is not fentanyl alone."
2001-03,69,Official final count,0.02,3,-4,,,CDC WONDER final multiple-cause death data,"Deaths recorded on final death certificates for this month. The count is synthetic opioids other than methadone, a group that includes fentanyl and is not fentanyl alone."
2001-04,89,Official final count,0.03,20,30,,,CDC WONDER final multiple-cause death data,"Deaths recorded on final death certificates for this month. The count is synthetic opioids other than methadone, a group that includes fentanyl and is not fentanyl alone."
2001-05,90,Official final count,0.03,1,16,,,CDC WONDER final multiple-cause death data,"Deaths recorded on final death certificates for this month. The count is synthetic opioids other than methadone, a group that includes fentanyl and is not fentanyl alone."
2001-06,73,Official final count,0.03,-17,6,,,CDC WONDER final multiple-cause death data,"Deaths recorded on final death certificates for this month. The count is synthetic opioids other than methadone, a group that includes fentanyl and is not fentanyl alone."
2001-07,95,Official final count,0.03,22,31,,,CDC WONDER final multiple-cause death data,"Deaths recorded on final death certificates for this month. The count is synthetic opioids other than methadone, a group that includes fentanyl and is not fentanyl alone."
2001-08,86,Official final count,0.03,-9,14,,,CDC WONDER final multiple-cause death data,"Deaths recorded on final death certificates for this month. The count is synthetic opioids other than methadone, a group that includes fentanyl and is not fentanyl alone."
2001-09,79,Official final count,0.03,-7,21,,,CDC WONDER final multiple-cause death data,"Deaths recorded on final death certificates for this month. The count is synthetic opioids other than methadone, a group that includes fentanyl and is not fentanyl alone."
2001-10,82,Official final count,0.03,3,38,,,CDC WONDER final multiple-cause death data,"Deaths recorded on final death certificates for this month. The count is synthetic opioids other than methadone, a group that includes fentanyl and is not fentanyl alone."
2001-11,91,Official final count,0.03,9,28,,,CDC WONDER final multiple-cause death data,"Deaths recorded on final death certificates for this month. The count is synthetic opioids other than methadone, a group that includes fentanyl and is not fentanyl alone."
2001-12,74,Official final count,0.03,-17,-1,,,CDC WONDER final multiple-cause death data,"Deaths recorded on final death certificates for this month. The count is synthetic opioids other than methadone, a group that includes fentanyl and is not fentanyl alone."
2002-01,108,Official final count,0.04,34,45,,,CDC WONDER final multiple-cause death data,"Deaths recorded on final death certificates for this month. The count is synthetic opioids other than methadone, a group that includes fentanyl and is not fentanyl alone."
2002-02,96,Official final count,0.03,-12,30,,,CDC WONDER final multiple-cause death data,"Deaths recorded on final death certificates for this month. The count is synthetic opioids other than methadone, a group that includes fentanyl and is not fentanyl alone."
2002-03,116,Official final count,0.04,20,47,,,CDC WONDER final multiple-cause death data,"Deaths recorded on final death certificates for this month. The count is synthetic opioids other than methadone, a group that includes fentanyl and is not fentanyl alone."
2002-04,103,Official final count,0.04,-13,14,,,CDC WONDER final multiple-cause death data,"Deaths recorded on final death certificates for this month. The count is synthetic opioids other than methadone, a group that includes fentanyl and is not fentanyl alone."
2002-05,122,Official final count,0.04,19,32,,,CDC WONDER final multiple-cause death data,"Deaths recorded on final death certificates for this month. The count is synthetic opioids other than methadone, a group that includes fentanyl and is not fentanyl alone."
2002-06,108,Official final count,0.04,-14,35,,,CDC WONDER final multiple-cause death data,"Deaths recorded on final death certificates for this month. The count is synthetic opioids other than methadone, a group that includes fentanyl and is not fentanyl alone."
2002-07,103,Official final count,0.04,-5,8,,,CDC WONDER final multiple-cause death data,"Deaths recorded on final death certificates for this month. The count is synthetic opioids other than methadone, a group that includes fentanyl and is not fentanyl alone."
2002-08,104,Official final count,0.04,1,18,,,CDC WONDER final multiple-cause death data,"Deaths recorded on final death certificates for this month. The count is synthetic opioids other than methadone, a group that includes fentanyl and is not fentanyl alone."
2002-09,106,Official final count,0.04,2,27,,,CDC WONDER final multiple-cause death data,"Deaths recorded on final death certificates for this month. The count is synthetic opioids other than methadone, a group that includes fentanyl and is not fentanyl alone."
2002-10,102,Official final count,0.04,-4,20,,,CDC WONDER final multiple-cause death data,"Deaths recorded on final death certificates for this month. The count is synthetic opioids other than methadone, a group that includes fentanyl and is not fentanyl alone."
2002-11,116,Official final count,0.04,14,25,,,CDC WONDER final multiple-cause death data,"Deaths recorded on final death certificates for this month. The count is synthetic opioids other than methadone, a group that includes fentanyl and is not fentanyl alone."
2002-12,111,Official final count,0.04,-5,37,,,CDC WONDER final multiple-cause death data,"Deaths recorded on final death certificates for this month. The count is synthetic opioids other than methadone, a group that includes fentanyl and is not fentanyl alone."
2003-01,120,Official final count,0.04,9,12,,,CDC WONDER final multiple-cause death data,"Deaths recorded on final death certificates for this month. The count is synthetic opioids other than methadone, a group that includes fentanyl and is not fentanyl alone."
2003-02,119,Official final count,0.04,-1,23,,,CDC WONDER final multiple-cause death data,"Deaths recorded on final death certificates for this month. The count is synthetic opioids other than methadone, a group that includes fentanyl and is not fentanyl alone."
2003-03,131,Official final count,0.05,12,15,,,CDC WONDER final multiple-cause death data,"Deaths recorded on final death certificates for this month. The count is synthetic opioids other than methadone, a group that includes fentanyl and is not fentanyl alone."
2003-04,106,Official final count,0.04,-25,3,,,CDC WONDER final multiple-cause death data,"Deaths recorded on final death certificates for this month. The count is synthetic opioids other than methadone, a group that includes fentanyl and is not fentanyl alone."
2003-05,102,Official final count,0.04,-4,-20,,,CDC WONDER final multiple-cause death data,"Deaths recorded on final death certificates for this month. The count is synthetic opioids other than methadone, a group that includes fentanyl and is not fentanyl alone."
2003-06,91,Official final count,0.03,-11,-17,,,CDC WONDER final multiple-cause death data,"Deaths recorded on final death certificates for this month. The count is synthetic opioids other than methadone, a group that includes fentanyl and is not fentanyl alone."
2003-07,140,Official final count,0.05,49,37,,,CDC WONDER final multiple-cause death data,"Deaths recorded on final death certificates for this month. The count is synthetic opioids other than methadone, a group that includes fentanyl and is not fentanyl alone."
2003-08,117,Official final count,0.04,-23,13,,,CDC WONDER final multiple-cause death data,"Deaths recorded on final death certificates for this month. The count is synthetic opioids other than methadone, a group that includes fentanyl and is not fentanyl alone."
2003-09,119,Official final count,0.04,2,13,,,CDC WONDER final multiple-cause death data,"Deaths recorded on final death certificates for this month. The count is synthetic opioids other than methadone, a group that includes fentanyl and is not fentanyl alone."
2003-10,109,Official final count,0.04,-10,7,,,CDC WONDER final multiple-cause death data,"Deaths recorded on final death certificates for this month. The count is synthetic opioids other than methadone, a group that includes fentanyl and is not fentanyl alone."
2003-11,124,Official final count,0.04,15,8,,,CDC WONDER final multiple-cause death data,"Deaths recorded on final death certificates for this month. The count is synthetic opioids other than methadone, a group that includes fentanyl and is not fentanyl alone."
2003-12,122,Official final count,0.04,-2,11,,,CDC WONDER final multiple-cause death data,"Deaths recorded on final death certificates for this month. The count is synthetic opioids other than methadone, a group that includes fentanyl and is not fentanyl alone."
2004-01,125,Official final count,0.04,3,5,,,CDC WONDER final multiple-cause death data,"Deaths recorded on final death certificates for this month. The count is synthetic opioids other than methadone, a group that includes fentanyl and is not fentanyl alone."
2004-02,145,Official final count,0.05,20,26,,,CDC WONDER final multiple-cause death data,"Deaths recorded on final death certificates for this month. The count is synthetic opioids other than methadone, a group that includes fentanyl and is not fentanyl alone."
2004-03,163,Official final count,0.06,18,32,,,CDC WONDER final multiple-cause death data,"Deaths recorded on final death certificates for this month. The count is synthetic opioids other than methadone, a group that includes fentanyl and is not fentanyl alone."
2004-04,128,Official final count,0.04,-35,22,,,CDC WONDER final multiple-cause death data,"Deaths recorded on final death certificates for this month. The count is synthetic opioids other than methadone, a group that includes fentanyl and is not fentanyl alone."
2004-05,153,Official final count,0.05,25,51,,,CDC WONDER final multiple-cause death data,"Deaths recorded on final death certificates for this month. The count is synthetic opioids other than methadone, a group that includes fentanyl and is not fentanyl alone."
2004-06,126,Official final count,0.04,-27,35,,,CDC WONDER final multiple-cause death data,"Deaths recorded on final death certificates for this month. The count is synthetic opioids other than methadone, a group that includes fentanyl and is not fentanyl alone."
2004-07,154,Official final count,0.05,28,14,,,CDC WONDER final multiple-cause death data,"Deaths recorded on final death certificates for this month. The count is synthetic opioids other than methadone, a group that includes fentanyl and is not fentanyl alone."
2004-08,118,Official final count,0.04,-36,1,,,CDC WONDER final multiple-cause death data,"Deaths recorded on final death certificates for this month. The count is synthetic opioids other than methadone, a group that includes fentanyl and is not fentanyl alone."
2004-09,134,Official final count,0.05,16,15,,,CDC WONDER final multiple-cause death data,"Deaths recorded on final death certificates for this month. The count is synthetic opioids other than methadone, a group that includes fentanyl and is not fentanyl alone."
2004-10,156,Official final count,0.05,22,47,,,CDC WONDER final multiple-cause death data,"Deaths recorded on final death certificates for this month. The count is synthetic opioids other than methadone, a group that includes fentanyl and is not fentanyl alone."
2004-11,122,Official final count,0.04,-34,-2,,,CDC WONDER final multiple-cause death data,"Deaths recorded on final death certificates for this month. The count is synthetic opioids other than methadone, a group that includes fentanyl and is not fentanyl alone."
2004-12,140,Official final count,0.05,18,18,,,CDC WONDER final multiple-cause death data,"Deaths recorded on final death certificates for this month. The count is synthetic opioids other than methadone, a group that includes fentanyl and is not fentanyl alone."
2005-01,145,Official final count,0.05,5,20,,,CDC WONDER final multiple-cause death data,"Deaths recorded on final death certificates for this month. The count is synthetic opioids other than methadone, a group that includes fentanyl and is not fentanyl alone."
2005-02,169,Official final count,0.06,24,24,,,CDC WONDER final multiple-cause death data,"Deaths recorded on final death certificates for this month. The count is synthetic opioids other than methadone, a group that includes fentanyl and is not fentanyl alone."
2005-03,170,Official final count,0.06,1,7,,,CDC WONDER final multiple-cause death data,"Deaths recorded on final death certificates for this month. The count is synthetic opioids other than methadone, a group that includes fentanyl and is not fentanyl alone."
2005-04,142,Official final count,0.05,-28,14,,,CDC WONDER final multiple-cause death data,"Deaths recorded on final death certificates for this month. The count is synthetic opioids other than methadone, a group that includes fentanyl and is not fentanyl alone."
2005-05,139,Official final count,0.05,-3,-14,,,CDC WONDER final multiple-cause death data,"Deaths recorded on final death certificates for this month. The count is synthetic opioids other than methadone, a group that includes fentanyl and is not fentanyl alone."
2005-06,132,Official final count,0.04,-7,6,,,CDC WONDER final multiple-cause death data,"Deaths recorded on final death certificates for this month. The count is synthetic opioids other than methadone, a group that includes fentanyl and is not fentanyl alone."
2005-07,117,Official final count,0.04,-15,-37,,,CDC WONDER final multiple-cause death data,"Deaths recorded on final death certificates for this month. The count is synthetic opioids other than methadone, a group that includes fentanyl and is not fentanyl alone."
2005-08,119,Official final count,0.04,2,1,,,CDC WONDER final multiple-cause death data,"Deaths recorded on final death certificates for this month. The count is synthetic opioids other than methadone, a group that includes fentanyl and is not fentanyl alone."
2005-09,143,Official final count,0.05,24,9,,,CDC WONDER final multiple-cause death data,"Deaths recorded on final death certificates for this month. The count is synthetic opioids other than methadone, a group that includes fentanyl and is not fentanyl alone."
2005-10,146,Official final count,0.05,3,-10,,,CDC WONDER final multiple-cause death data,"Deaths recorded on final death certificates for this month. The count is synthetic opioids other than methadone, a group that includes fentanyl and is not fentanyl alone."
2005-11,149,Official final count,0.05,3,27,,,CDC WONDER final multiple-cause death data,"Deaths recorded on final death certificates for this month. The count is synthetic opioids other than methadone, a group that includes fentanyl and is not fentanyl alone."
2005-12,171,Official final count,0.06,22,31,,,CDC WONDER final multiple-cause death data,"Deaths recorded on final death certificates for this month. The count is synthetic opioids other than methadone, a group that includes fentanyl and is not fentanyl alone."
2006-01,166,Official final count,0.06,-5,21,,,CDC WONDER final multiple-cause death data,"Deaths recorded on final death certificates for this month. The count is synthetic opioids other than methadone, a group that includes fentanyl and is not fentanyl alone."
2006-02,182,Official final count,0.06,16,13,,,CDC WONDER final multiple-cause death data,"Deaths recorded on final death certificates for this month. The count is synthetic opioids other than methadone, a group that includes fentanyl and is not fentanyl alone."
2006-03,200,Official final count,0.07,18,30,,,CDC WONDER final multiple-cause death data,"Deaths recorded on final death certificates for this month. The count is synthetic opioids other than methadone, a group that includes fentanyl and is not fentanyl alone."
2006-04,205,Official final count,0.07,5,63,,,CDC WONDER final multiple-cause death data,"Deaths recorded on final death certificates for this month. The count is synthetic opioids other than methadone, a group that includes fentanyl and is not fentanyl alone."
2006-05,277,Official final count,0.09,72,138,,,CDC WONDER final multiple-cause death data,"Deaths recorded on final death certificates for this month. The count is synthetic opioids other than methadone, a group that includes fentanyl and is not fentanyl alone."
2006-06,274,Official final count,0.09,-3,142,,,CDC WONDER final multiple-cause death data,"Deaths recorded on final death certificates for this month. The count is synthetic opioids other than methadone, a group that includes fentanyl and is not fentanyl alone."
2006-07,278,Official final count,0.09,4,161,,,CDC WONDER final multiple-cause death data,"Deaths recorded on final death certificates for this month. The count is synthetic opioids other than methadone, a group that includes fentanyl and is not fentanyl alone."
2006-08,240,Official final count,0.08,-38,121,,,CDC WONDER final multiple-cause death data,"Deaths recorded on final death certificates for this month. The count is synthetic opioids other than methadone, a group that includes fentanyl and is not fentanyl alone."
2006-09,227,Official final count,0.08,-13,84,,,CDC WONDER final multiple-cause death data,"Deaths recorded on final death certificates for this month. The count is synthetic opioids other than methadone, a group that includes fentanyl and is not fentanyl alone."
2006-10,249,Official final count,0.08,22,103,,,CDC WONDER final multiple-cause death data,"Deaths recorded on final death certificates for this month. The count is synthetic opioids other than methadone, a group that includes fentanyl and is not fentanyl alone."
2006-11,219,Official final count,0.07,-30,70,,,CDC WONDER final multiple-cause death data,"Deaths recorded on final death certificates for this month. The count is synthetic opioids other than methadone, a group that includes fentanyl and is not fentanyl alone."
2006-12,190,Official final count,0.06,-29,19,,,CDC WONDER final multiple-cause death data,"Deaths recorded on final death certificates for this month. The count is synthetic opioids other than methadone, a group that includes fentanyl and is not fentanyl alone."
2007-01,193,Official final count,0.06,3,27,,,CDC WONDER final multiple-cause death data,"Deaths recorded on final death certificates for this month. The count is synthetic opioids other than methadone, a group that includes fentanyl and is not fentanyl alone."
2007-02,187,Official final count,0.06,-6,5,,,CDC WONDER final multiple-cause death data,"Deaths recorded on final death certificates for this month. The count is synthetic opioids other than methadone, a group that includes fentanyl and is not fentanyl alone."
2007-03,200,Official final count,0.07,13,0,,,CDC WONDER final multiple-cause death data,"Deaths recorded on final death certificates for this month. The count is synthetic opioids other than methadone, a group that includes fentanyl and is not fentanyl alone."
2007-04,182,Official final count,0.06,-18,-23,,,CDC WONDER final multiple-cause death data,"Deaths recorded on final death certificates for this month. The count is synthetic opioids other than methadone, a group that includes fentanyl and is not fentanyl alone."
2007-05,194,Official final count,0.06,12,-83,,,CDC WONDER final multiple-cause death data,"Deaths recorded on final death certificates for this month. The count is synthetic opioids other than methadone, a group that includes fentanyl and is not fentanyl alone."
2007-06,170,Official final count,0.06,-24,-104,,,CDC WONDER final multiple-cause death data,"Deaths recorded on final death certificates for this month. The count is synthetic opioids other than methadone, a group that includes fentanyl and is not fentanyl alone."
2007-07,181,Official final count,0.06,11,-97,,,CDC WONDER final multiple-cause death data,"Deaths recorded on final death certificates for this month. The count is synthetic opioids other than methadone, a group that includes fentanyl and is not fentanyl alone."
2007-08,169,Official final count,0.06,-12,-71,,,CDC WONDER final multiple-cause death data,"Deaths recorded on final death certificates for this month. The count is synthetic opioids other than methadone, a group that includes fentanyl and is not fentanyl alone."
2007-09,175,Official final count,0.06,6,-52,,,CDC WONDER final multiple-cause death data,"Deaths recorded on final death certificates for this month. The count is synthetic opioids other than methadone, a group that includes fentanyl and is not fentanyl alone."
2007-10,176,Official final count,0.06,1,-73,,,CDC WONDER final multiple-cause death data,"Deaths recorded on final death certificates for this month. The count is synthetic opioids other than methadone, a group that includes fentanyl and is not fentanyl alone."
2007-11,193,Official final count,0.06,17,-26,,,CDC WONDER final multiple-cause death data,"Deaths recorded on final death certificates for this month. The count is synthetic opioids other than methadone, a group that includes fentanyl and is not fentanyl alone."
2007-12,193,Official final count,0.06,0,3,,,CDC WONDER final multiple-cause death data,"Deaths recorded on final death certificates for this month. The count is synthetic opioids other than methadone, a group that includes fentanyl and is not fentanyl alone."
2008-01,198,Official final count,0.07,5,5,,,CDC WONDER final multiple-cause death data,"Deaths recorded on final death certificates for this month. The count is synthetic opioids other than methadone, a group that includes fentanyl and is not fentanyl alone."
2008-02,186,Official final count,0.06,-12,-1,,,CDC WONDER final multiple-cause death data,"Deaths recorded on final death certificates for this month. The count is synthetic opioids other than methadone, a group that includes fentanyl and is not fentanyl alone."
2008-03,206,Official final count,0.07,20,6,,,CDC WONDER final multiple-cause death data,"Deaths recorded on final death certificates for this month. The count is synthetic opioids other than methadone, a group that includes fentanyl and is not fentanyl alone."
2008-04,183,Official final count,0.06,-23,1,,,CDC WONDER final multiple-cause death data,"Deaths recorded on final death certificates for this month. The count is synthetic opioids other than methadone, a group that includes fentanyl and is not fentanyl alone."
2008-05,207,Official final count,0.07,24,13,,,CDC WONDER final multiple-cause death data,"Deaths recorded on final death certificates for this month. The count is synthetic opioids other than methadone, a group that includes fentanyl and is not fentanyl alone."
2008-06,188,Official final count,0.06,-19,18,,,CDC WONDER final multiple-cause death data,"Deaths recorded on final death certificates for this month. The count is synthetic opioids other than methadone, a group that includes fentanyl and is not fentanyl alone."
2008-07,196,Official final count,0.06,8,15,,,CDC WONDER final multiple-cause death data,"Deaths recorded on final death certificates for this month. The count is synthetic opioids other than methadone, a group that includes fentanyl and is not fentanyl alone."
2008-08,180,Official final count,0.06,-16,11,,,CDC WONDER final multiple-cause death data,"Deaths recorded on final death certificates for this month. The count is synthetic opioids other than methadone, a group that includes fentanyl and is not fentanyl alone."
2008-09,182,Official final count,0.06,2,7,,,CDC WONDER final multiple-cause death data,"Deaths recorded on final death certificates for this month. The count is synthetic opioids other than methadone, a group that includes fentanyl and is not fentanyl alone."
2008-10,185,Official final count,0.06,3,9,,,CDC WONDER final multiple-cause death data,"Deaths recorded on final death certificates for this month. The count is synthetic opioids other than methadone, a group that includes fentanyl and is not fentanyl alone."
2008-11,190,Official final count,0.06,5,-3,,,CDC WONDER final multiple-cause death data,"Deaths recorded on final death certificates for this month. The count is synthetic opioids other than methadone, a group that includes fentanyl and is not fentanyl alone."
2008-12,205,Official final count,0.07,15,12,,,CDC WONDER final multiple-cause death data,"Deaths recorded on final death certificates for this month. The count is synthetic opioids other than methadone, a group that includes fentanyl and is not fentanyl alone."
2009-01,272,Official final count,0.09,67,74,,,CDC WONDER final multiple-cause death data,"Deaths recorded on final death certificates for this month. The count is synthetic opioids other than methadone, a group that includes fentanyl and is not fentanyl alone."
2009-02,243,Official final count,0.08,-29,57,,,CDC WONDER final multiple-cause death data,"Deaths recorded on final death certificates for this month. The count is synthetic opioids other than methadone, a group that includes fentanyl and is not fentanyl alone."
2009-03,275,Official final count,0.09,32,69,,,CDC WONDER final multiple-cause death data,"Deaths recorded on final death certificates for this month. The count is synthetic opioids other than methadone, a group that includes fentanyl and is not fentanyl alone."
2009-04,242,Official final count,0.08,-33,59,,,CDC WONDER final multiple-cause death data,"Deaths recorded on final death certificates for this month. The count is synthetic opioids other than methadone, a group that includes fentanyl and is not fentanyl alone."
2009-05,257,Official final count,0.08,15,50,,,CDC WONDER final multiple-cause death data,"Deaths recorded on final death certificates for this month. The count is synthetic opioids other than methadone, a group that includes fentanyl and is not fentanyl alone."
2009-06,216,Official final count,0.07,-41,28,,,CDC WONDER final multiple-cause death data,"Deaths recorded on final death certificates for this month. The count is synthetic opioids other than methadone, a group that includes fentanyl and is not fentanyl alone."
2009-07,230,Official final count,0.07,14,34,,,CDC WONDER final multiple-cause death data,"Deaths recorded on final death certificates for this month. The count is synthetic opioids other than methadone, a group that includes fentanyl and is not fentanyl alone."
2009-08,221,Official final count,0.07,-9,41,,,CDC WONDER final multiple-cause death data,"Deaths recorded on final death certificates for this month. The count is synthetic opioids other than methadone, a group that includes fentanyl and is not fentanyl alone."
2009-09,215,Official final count,0.07,-6,33,,,CDC WONDER final multiple-cause death data,"Deaths recorded on final death certificates for this month. The count is synthetic opioids other than methadone, a group that includes fentanyl and is not fentanyl alone."
2009-10,232,Official final count,0.08,17,47,,,CDC WONDER final multiple-cause death data,"Deaths recorded on final death certificates for this month. The count is synthetic opioids other than methadone, a group that includes fentanyl and is not fentanyl alone."
2009-11,263,Official final count,0.09,31,73,,,CDC WONDER final multiple-cause death data,"Deaths recorded on final death certificates for this month. The count is synthetic opioids other than methadone, a group that includes fentanyl and is not fentanyl alone."
2009-12,280,Official final count,0.09,17,75,,,CDC WONDER final multiple-cause death data,"Deaths recorded on final death certificates for this month. The count is synthetic opioids other than methadone, a group that includes fentanyl and is not fentanyl alone."
2010-01,282,Official final count,0.09,2,10,,,CDC WONDER final multiple-cause death data,"Deaths recorded on final death certificates for this month. The count is synthetic opioids other than methadone, a group that includes fentanyl and is not fentanyl alone."
2010-02,262,Official final count,0.08,-20,19,,,CDC WONDER final multiple-cause death data,"Deaths recorded on final death certificates for this month. The count is synthetic opioids other than methadone, a group that includes fentanyl and is not fentanyl alone."
2010-03,266,Official final count,0.09,4,-9,,,CDC WONDER final multiple-cause death data,"Deaths recorded on final death certificates for this month. The count is synthetic opioids other than methadone, a group that includes fentanyl and is not fentanyl alone."
2010-04,267,Official final count,0.09,1,25,,,CDC WONDER final multiple-cause death data,"Deaths recorded on final death certificates for this month. The count is synthetic opioids other than methadone, a group that includes fentanyl and is not fentanyl alone."
2010-05,252,Official final count,0.08,-15,-5,,,CDC WONDER final multiple-cause death data,"Deaths recorded on final death certificates for this month. The count is synthetic opioids other than methadone, a group that includes fentanyl and is not fentanyl alone."
2010-06,221,Official final count,0.07,-31,5,,,CDC WONDER final multiple-cause death data,"Deaths recorded on final death certificates for this month. The count is synthetic opioids other than methadone, a group that includes fentanyl and is not fentanyl alone."
2010-07,259,Official final count,0.08,38,29,,,CDC WONDER final multiple-cause death data,"Deaths recorded on final death certificates for this month. The count is synthetic opioids other than methadone, a group that includes fentanyl and is not fentanyl alone."
2010-08,222,Official final count,0.07,-37,1,,,CDC WONDER final multiple-cause death data,"Deaths recorded on final death certificates for this month. The count is synthetic opioids other than methadone, a group that includes fentanyl and is not fentanyl alone."
2010-09,242,Official final count,0.08,20,27,,,CDC WONDER final multiple-cause death data,"Deaths recorded on final death certificates for this month. The count is synthetic opioids other than methadone, a group that includes fentanyl and is not fentanyl alone."
2010-10,266,Official final count,0.09,24,34,,,CDC WONDER final multiple-cause death data,"Deaths recorded on final death certificates for this month. The count is synthetic opioids other than methadone, a group that includes fentanyl and is not fentanyl alone."
2010-11,241,Official final count,0.08,-25,-22,,,CDC WONDER final multiple-cause death data,"Deaths recorded on final death certificates for this month. The count is synthetic opioids other than methadone, a group that includes fentanyl and is not fentanyl alone."
2010-12,227,Official final count,0.07,-14,-53,,,CDC WONDER final multiple-cause death data,"Deaths recorded on final death certificates for this month. The count is synthetic opioids other than methadone, a group that includes fentanyl and is not fentanyl alone."
2011-01,224,Official final count,0.07,-3,-58,,,CDC WONDER final multiple-cause death data,"Deaths recorded on final death certificates for this month. The count is synthetic opioids other than methadone, a group that includes fentanyl and is not fentanyl alone."
2011-02,221,Official final count,0.07,-3,-41,,,CDC WONDER final multiple-cause death data,"Deaths recorded on final death certificates for this month. The count is synthetic opioids other than methadone, a group that includes fentanyl and is not fentanyl alone."
2011-03,245,Official final count,0.08,24,-21,,,CDC WONDER final multiple-cause death data,"Deaths recorded on final death certificates for this month. The count is synthetic opioids other than methadone, a group that includes fentanyl and is not fentanyl alone."
2011-04,227,Official final count,0.07,-18,-40,,,CDC WONDER final multiple-cause death data,"Deaths recorded on final death certificates for this month. The count is synthetic opioids other than methadone, a group that includes fentanyl and is not fentanyl alone."
2011-05,225,Official final count,0.07,-2,-27,,,CDC WONDER final multiple-cause death data,"Deaths recorded on final death certificates for this month. The count is synthetic opioids other than methadone, a group that includes fentanyl and is not fentanyl alone."
2011-06,226,Official final count,0.07,1,5,,,CDC WONDER final multiple-cause death data,"Deaths recorded on final death certificates for this month. The count is synthetic opioids other than methadone, a group that includes fentanyl and is not fentanyl alone."
2011-07,231,Official final count,0.07,5,-28,,,CDC WONDER final multiple-cause death data,"Deaths recorded on final death certificates for this month. The count is synthetic opioids other than methadone, a group that includes fentanyl and is not fentanyl alone."
2011-08,200,Official final count,0.06,-31,-22,,,CDC WONDER final multiple-cause death data,"Deaths recorded on final death certificates for this month. The count is synthetic opioids other than methadone, a group that includes fentanyl and is not fentanyl alone."
2011-09,206,Official final count,0.07,6,-36,,,CDC WONDER final multiple-cause death data,"Deaths recorded on final death certificates for this month. The count is synthetic opioids other than methadone, a group that includes fentanyl and is not fentanyl alone."
2011-10,221,Official final count,0.07,15,-45,,,CDC WONDER final multiple-cause death data,"Deaths recorded on final death certificates for this month. The count is synthetic opioids other than methadone, a group that includes fentanyl and is not fentanyl alone."
2011-11,232,Official final count,0.07,11,-9,,,CDC WONDER final multiple-cause death data,"Deaths recorded on final death certificates for this month. The count is synthetic opioids other than methadone, a group that includes fentanyl and is not fentanyl alone."
2011-12,208,Official final count,0.07,-24,-19,,,CDC WONDER final multiple-cause death data,"Deaths recorded on final death certificates for this month. The count is synthetic opioids other than methadone, a group that includes fentanyl and is not fentanyl alone."
2012-01,219,Official final count,0.07,11,-5,,,CDC WONDER final multiple-cause death data,"Deaths recorded on final death certificates for this month. The count is synthetic opioids other than methadone, a group that includes fentanyl and is not fentanyl alone."
2012-02,209,Official final count,0.07,-10,-12,,,CDC WONDER final multiple-cause death data,"Deaths recorded on final death certificates for this month. The count is synthetic opioids other than methadone, a group that includes fentanyl and is not fentanyl alone."
2012-03,210,Official final count,0.07,1,-35,,,CDC WONDER final multiple-cause death data,"Deaths recorded on final death certificates for this month. The count is synthetic opioids other than methadone, a group that includes fentanyl and is not fentanyl alone."
2012-04,217,Official final count,0.07,7,-10,,,CDC WONDER final multiple-cause death data,"Deaths recorded on final death certificates for this month. The count is synthetic opioids other than methadone, a group that includes fentanyl and is not fentanyl alone."
2012-05,225,Official final count,0.07,8,0,,,CDC WONDER final multiple-cause death data,"Deaths recorded on final death certificates for this month. The count is synthetic opioids other than methadone, a group that includes fentanyl and is not fentanyl alone."
2012-06,213,Official final count,0.07,-12,-13,,,CDC WONDER final multiple-cause death data,"Deaths recorded on final death certificates for this month. The count is synthetic opioids other than methadone, a group that includes fentanyl and is not fentanyl alone."
2012-07,235,Official final count,0.07,22,4,,,CDC WONDER final multiple-cause death data,"Deaths recorded on final death certificates for this month. The count is synthetic opioids other than methadone, a group that includes fentanyl and is not fentanyl alone."
2012-08,235,Official final count,0.07,0,35,,,CDC WONDER final multiple-cause death data,"Deaths recorded on final death certificates for this month. The count is synthetic opioids other than methadone, a group that includes fentanyl and is not fentanyl alone."
2012-09,199,Official final count,0.06,-36,-7,,,CDC WONDER final multiple-cause death data,"Deaths recorded on final death certificates for this month. The count is synthetic opioids other than methadone, a group that includes fentanyl and is not fentanyl alone."
2012-10,227,Official final count,0.07,28,6,,,CDC WONDER final multiple-cause death data,"Deaths recorded on final death certificates for this month. The count is synthetic opioids other than methadone, a group that includes fentanyl and is not fentanyl alone."
2012-11,197,Official final count,0.06,-30,-35,,,CDC WONDER final multiple-cause death data,"Deaths recorded on final death certificates for this month. The count is synthetic opioids other than methadone, a group that includes fentanyl and is not fentanyl alone."
2012-12,242,Official final count,0.08,45,34,,,CDC WONDER final multiple-cause death data,"Deaths recorded on final death certificates for this month. The count is synthetic opioids other than methadone, a group that includes fentanyl and is not fentanyl alone."
2013-01,257,Official final count,0.08,15,38,,,CDC WONDER final multiple-cause death data,"Deaths recorded on final death certificates for this month. The count is synthetic opioids other than methadone, a group that includes fentanyl and is not fentanyl alone."
2013-02,230,Official final count,0.07,-27,21,,,CDC WONDER final multiple-cause death data,"Deaths recorded on final death certificates for this month. The count is synthetic opioids other than methadone, a group that includes fentanyl and is not fentanyl alone."
2013-03,240,Official final count,0.08,10,30,,,CDC WONDER final multiple-cause death data,"Deaths recorded on final death certificates for this month. The count is synthetic opioids other than methadone, a group that includes fentanyl and is not fentanyl alone."
2013-04,241,Official final count,0.08,1,24,,,CDC WONDER final multiple-cause death data,"Deaths recorded on final death certificates for this month. The count is synthetic opioids other than methadone, a group that includes fentanyl and is not fentanyl alone."
2013-05,280,Official final count,0.09,39,55,,,CDC WONDER final multiple-cause death data,"Deaths recorded on final death certificates for this month. The count is synthetic opioids other than methadone, a group that includes fentanyl and is not fentanyl alone."
2013-06,250,Official final count,0.08,-30,37,,,CDC WONDER final multiple-cause death data,"Deaths recorded on final death certificates for this month. The count is synthetic opioids other than methadone, a group that includes fentanyl and is not fentanyl alone."
2013-07,220,Official final count,0.07,-30,-15,,,CDC WONDER final multiple-cause death data,"Deaths recorded on final death certificates for this month. The count is synthetic opioids other than methadone, a group that includes fentanyl and is not fentanyl alone."
2013-08,213,Official final count,0.07,-7,-22,,,CDC WONDER final multiple-cause death data,"Deaths recorded on final death certificates for this month. The count is synthetic opioids other than methadone, a group that includes fentanyl and is not fentanyl alone."
2013-09,231,Official final count,0.07,18,32,,,CDC WONDER final multiple-cause death data,"Deaths recorded on final death certificates for this month. The count is synthetic opioids other than methadone, a group that includes fentanyl and is not fentanyl alone."
2013-10,261,Official final count,0.08,30,34,,,CDC WONDER final multiple-cause death data,"Deaths recorded on final death certificates for this month. The count is synthetic opioids other than methadone, a group that includes fentanyl and is not fentanyl alone."
2013-11,292,Official final count,0.09,31,95,,,CDC WONDER final multiple-cause death data,"Deaths recorded on final death certificates for this month. The count is synthetic opioids other than methadone, a group that includes fentanyl and is not fentanyl alone."
2013-12,390,Official final count,0.12,98,148,,,CDC WONDER final multiple-cause death data,"Deaths recorded on final death certificates for this month. The count is synthetic opioids other than methadone, a group that includes fentanyl and is not fentanyl alone."
2014-01,495,Official final count,0.16,105,238,,,CDC WONDER final multiple-cause death data,"Deaths recorded on final death certificates for this month. The count is synthetic opioids other than methadone, a group that includes fentanyl and is not fentanyl alone."
2014-02,425,Official final count,0.13,-70,195,,,CDC WONDER final multiple-cause death data,"Deaths recorded on final death certificates for this month. The count is synthetic opioids other than methadone, a group that includes fentanyl and is not fentanyl alone."
2014-03,458,Official final count,0.14,33,218,,,CDC WONDER final multiple-cause death data,"Deaths recorded on final death certificates for this month. The count is synthetic opioids other than methadone, a group that includes fentanyl and is not fentanyl alone."
2014-04,367,Official final count,0.12,-91,126,,,CDC WONDER final multiple-cause death data,"Deaths recorded on final death certificates for this month. The count is synthetic opioids other than methadone, a group that includes fentanyl and is not fentanyl alone."
2014-05,406,Official final count,0.13,39,126,,,CDC WONDER final multiple-cause death data,"Deaths recorded on final death certificates for this month. The count is synthetic opioids other than methadone, a group that includes fentanyl and is not fentanyl alone."
2014-06,408,Official final count,0.13,2,158,,,CDC WONDER final multiple-cause death data,"Deaths recorded on final death certificates for this month. The count is synthetic opioids other than methadone, a group that includes fentanyl and is not fentanyl alone."
2014-07,412,Official final count,0.13,4,192,,,CDC WONDER final multiple-cause death data,"Deaths recorded on final death certificates for this month. The count is synthetic opioids other than methadone, a group that includes fentanyl and is not fentanyl alone."
2014-08,415,Official final count,0.13,3,202,,,CDC WONDER final multiple-cause death data,"Deaths recorded on final death certificates for this month. The count is synthetic opioids other than methadone, a group that includes fentanyl and is not fentanyl alone."
2014-09,421,Official final count,0.13,6,190,,,CDC WONDER final multiple-cause death data,"Deaths recorded on final death certificates for this month. The count is synthetic opioids other than methadone, a group that includes fentanyl and is not fentanyl alone."
2014-10,552,Official final count,0.17,131,291,,,CDC WONDER final multiple-cause death data,"Deaths recorded on final death certificates for this month. The count is synthetic opioids other than methadone, a group that includes fentanyl and is not fentanyl alone."
2014-11,557,Official final count,0.17,5,265,,,CDC WONDER final multiple-cause death data,"Deaths recorded on final death certificates for this month. The count is synthetic opioids other than methadone, a group that includes fentanyl and is not fentanyl alone."
2014-12,628,Official final count,0.2,71,238,,,CDC WONDER final multiple-cause death data,"Deaths recorded on final death certificates for this month. The count is synthetic opioids other than methadone, a group that includes fentanyl and is not fentanyl alone."
2015-01,699,Official final count,0.22,71,204,,,CDC WONDER final multiple-cause death data,"Deaths recorded on final death certificates for this month. The count is synthetic opioids other than methadone, a group that includes fentanyl and is not fentanyl alone."
2015-02,735,Official final count,0.23,36,310,313,,CDC WONDER final multiple-cause death data,"Deaths recorded on final death certificates for this month. The count is synthetic opioids other than methadone, a group that includes fentanyl and is not fentanyl alone."
2015-03,768,Official final count,0.24,33,310,311,,CDC WONDER final multiple-cause death data,"Deaths recorded on final death certificates for this month. The count is synthetic opioids other than methadone, a group that includes fentanyl and is not fentanyl alone."
2015-04,844,Official final count,0.26,76,477,478,,CDC WONDER final multiple-cause death data,"Deaths recorded on final death certificates for this month. The count is synthetic opioids other than methadone, a group that includes fentanyl and is not fentanyl alone."
2015-05,793,Official final count,0.25,-51,387,386,,CDC WONDER final multiple-cause death data,"Deaths recorded on final death certificates for this month. The count is synthetic opioids other than methadone, a group that includes fentanyl and is not fentanyl alone."
2015-06,706,Official final count,0.22,-87,298,297,,CDC WONDER final multiple-cause death data,"Deaths recorded on final death certificates for this month. The count is synthetic opioids other than methadone, a group that includes fentanyl and is not fentanyl alone."
2015-07,747,Official final count,0.23,41,335,339,,CDC WONDER final multiple-cause death data,"Deaths recorded on final death certificates for this month. The count is synthetic opioids other than methadone, a group that includes fentanyl and is not fentanyl alone."
2015-08,739,Official final count,0.23,-8,324,326,,CDC WONDER final multiple-cause death data,"Deaths recorded on final death certificates for this month. The count is synthetic opioids other than methadone, a group that includes fentanyl and is not fentanyl alone."
2015-09,872,Official final count,0.27,133,451,453,,CDC WONDER final multiple-cause death data,"Deaths recorded on final death certificates for this month. The count is synthetic opioids other than methadone, a group that includes fentanyl and is not fentanyl alone."
2015-10,980,Official final count,0.31,108,428,432,,CDC WONDER final multiple-cause death data,"Deaths recorded on final death certificates for this month. The count is synthetic opioids other than methadone, a group that includes fentanyl and is not fentanyl alone."
2015-11,852,Official final count,0.27,-128,295,296,,CDC WONDER final multiple-cause death data,"Deaths recorded on final death certificates for this month. The count is synthetic opioids other than methadone, a group that includes fentanyl and is not fentanyl alone."
2015-12,845,Official final count,0.26,-7,217,213,,CDC WONDER final multiple-cause death data,"Deaths recorded on final death certificates for this month. The count is synthetic opioids other than methadone, a group that includes fentanyl and is not fentanyl alone."
2016-01,1038,Official final count,0.32,193,339,336,,CDC WONDER final multiple-cause death data,"Deaths recorded on final death certificates for this month. The count is synthetic opioids other than methadone, a group that includes fentanyl and is not fentanyl alone."
2016-02,1377,Official final count,0.43,339,642,639,,CDC WONDER final multiple-cause death data,"Deaths recorded on final death certificates for this month. The count is synthetic opioids other than methadone, a group that includes fentanyl and is not fentanyl alone."
2016-03,1528,Official final count,0.47,151,760,766,,CDC WONDER final multiple-cause death data,"Deaths recorded on final death certificates for this month. The count is synthetic opioids other than methadone, a group that includes fentanyl and is not fentanyl alone."
2016-04,1540,Official final count,0.48,12,696,697,,CDC WONDER final multiple-cause death data,"Deaths recorded on final death certificates for this month. The count is synthetic opioids other than methadone, a group that includes fentanyl and is not fentanyl alone."
2016-05,1544,Official final count,0.48,4,751,754,,CDC WONDER final multiple-cause death data,"Deaths recorded on final death certificates for this month. The count is synthetic opioids other than methadone, a group that includes fentanyl and is not fentanyl alone."
2016-06,1461,Official final count,0.45,-83,755,760,,CDC WONDER final multiple-cause death data,"Deaths recorded on final death certificates for this month. The count is synthetic opioids other than methadone, a group that includes fentanyl and is not fentanyl alone."
2016-07,1604,Official final count,0.5,143,857,855,,CDC WONDER final multiple-cause death data,"Deaths recorded on final death certificates for this month. The count is synthetic opioids other than methadone, a group that includes fentanyl and is not fentanyl alone."
2016-08,1576,Official final count,0.49,-28,837,839,,CDC WONDER final multiple-cause death data,"Deaths recorded on final death certificates for this month. The count is synthetic opioids other than methadone, a group that includes fentanyl and is not fentanyl alone."
2016-09,1713,Official final count,0.53,137,841,855,,CDC WONDER final multiple-cause death data,"Deaths recorded on final death certificates for this month. The count is synthetic opioids other than methadone, a group that includes fentanyl and is not fentanyl alone."
2016-10,1885,Official final count,0.58,172,905,916,,CDC WONDER final multiple-cause death data,"Deaths recorded on final death certificates for this month. The count is synthetic opioids other than methadone, a group that includes fentanyl and is not fentanyl alone."
2016-11,1987,Official final count,0.62,102,1135,1144,,CDC WONDER final multiple-cause death data,"Deaths recorded on final death certificates for this month. The count is synthetic opioids other than methadone, a group that includes fentanyl and is not fentanyl alone."
2016-12,2160,Official final count,0.67,173,1315,1329,,CDC WONDER final multiple-cause death data,"Deaths recorded on final death certificates for this month. The count is synthetic opioids other than methadone, a group that includes fentanyl and is not fentanyl alone."
2017-01,2454,Official final count,0.75,294,1416,1432,,CDC WONDER final multiple-cause death data,"Deaths recorded on final death certificates for this month. The count is synthetic opioids other than methadone, a group that includes fentanyl and is not fentanyl alone."
2017-02,2274,Official final count,0.7,-180,897,912,,CDC WONDER final multiple-cause death data,"Deaths recorded on final death certificates for this month. The count is synthetic opioids other than methadone, a group that includes fentanyl and is not fentanyl alone."
2017-03,2348,Official final count,0.72,74,820,827,,CDC WONDER final multiple-cause death data,"Deaths recorded on final death certificates for this month. The count is synthetic opioids other than methadone, a group that includes fentanyl and is not fentanyl alone."
2017-04,2236,Official final count,0.69,-112,696,700,,CDC WONDER final multiple-cause death data,"Deaths recorded on final death certificates for this month. The count is synthetic opioids other than methadone, a group that includes fentanyl and is not fentanyl alone."
2017-05,2334,Official final count,0.72,98,790,797,,CDC WONDER final multiple-cause death data,"Deaths recorded on final death certificates for this month. The count is synthetic opioids other than methadone, a group that includes fentanyl and is not fentanyl alone."
2017-06,2340,Official final count,0.72,6,879,894,,CDC WONDER final multiple-cause death data,"Deaths recorded on final death certificates for this month. The count is synthetic opioids other than methadone, a group that includes fentanyl and is not fentanyl alone."
2017-07,2278,Official final count,0.7,-62,674,686,,CDC WONDER final multiple-cause death data,"Deaths recorded on final death certificates for this month. The count is synthetic opioids other than methadone, a group that includes fentanyl and is not fentanyl alone."
2017-08,2388,Official final count,0.73,110,812,829,,CDC WONDER final multiple-cause death data,"Deaths recorded on final death certificates for this month. The count is synthetic opioids other than methadone, a group that includes fentanyl and is not fentanyl alone."
2017-09,2486,Official final count,0.76,98,773,781,,CDC WONDER final multiple-cause death data,"Deaths recorded on final death certificates for this month. The count is synthetic opioids other than methadone, a group that includes fentanyl and is not fentanyl alone."
2017-10,2400,Official final count,0.74,-86,515,518,Nationwide public health emergency for the opioid crisis,CDC WONDER final multiple-cause death data,"Deaths recorded on final death certificates for this month. The count is synthetic opioids other than methadone, a group that includes fentanyl and is not fentanyl alone."
2017-11,2386,Official final count,0.73,-14,399,405,,CDC WONDER final multiple-cause death data,"Deaths recorded on final death certificates for this month. The count is synthetic opioids other than methadone, a group that includes fentanyl and is not fentanyl alone."
2017-12,2542,Official final count,0.78,156,382,378,,CDC WONDER final multiple-cause death data,"Deaths recorded on final death certificates for this month. The count is synthetic opioids other than methadone, a group that includes fentanyl and is not fentanyl alone."
2018-01,2526,Official final count,0.77,-16,72,72,,CDC WONDER final multiple-cause death data,"Deaths recorded on final death certificates for this month. The count is synthetic opioids other than methadone, a group that includes fentanyl and is not fentanyl alone."
2018-02,2359,Official final count,0.72,-167,85,80,Temporary placement of fentanyl-related substances in Schedule I,CDC WONDER final multiple-cause death data,"Deaths recorded on final death certificates for this month. The count is synthetic opioids other than methadone, a group that includes fentanyl and is not fentanyl alone."
2018-03,2655,Official final count,0.81,296,307,309,,CDC WONDER final multiple-cause death data,"Deaths recorded on final death certificates for this month. The count is synthetic opioids other than methadone, a group that includes fentanyl and is not fentanyl alone."
2018-04,2562,Official final count,0.78,-93,326,333,,CDC WONDER final multiple-cause death data,"Deaths recorded on final death certificates for this month. The count is synthetic opioids other than methadone, a group that includes fentanyl and is not fentanyl alone."
2018-05,2656,Official final count,0.81,94,322,324,,CDC WONDER final multiple-cause death data,"Deaths recorded on final death certificates for this month. The count is synthetic opioids other than methadone, a group that includes fentanyl and is not fentanyl alone."
2018-06,2723,Official final count,0.83,67,383,381,,CDC WONDER final multiple-cause death data,"Deaths recorded on final death certificates for this month. The count is synthetic opioids other than methadone, a group that includes fentanyl and is not fentanyl alone."
2018-07,2694,Official final count,0.82,-29,416,417,,CDC WONDER final multiple-cause death data,"Deaths recorded on final death certificates for this month. The count is synthetic opioids other than methadone, a group that includes fentanyl and is not fentanyl alone."
2018-08,2703,Official final count,0.83,9,315,309,,CDC WONDER final multiple-cause death data,"Deaths recorded on final death certificates for this month. The count is synthetic opioids other than methadone, a group that includes fentanyl and is not fentanyl alone."
2018-09,2601,Official final count,0.8,-102,115,107,,CDC WONDER final multiple-cause death data,"Deaths recorded on final death certificates for this month. The count is synthetic opioids other than methadone, a group that includes fentanyl and is not fentanyl alone."
2018-10,2669,Official final count,0.82,68,269,271,SUPPORT for Patients and Communities Act becomes law,CDC WONDER final multiple-cause death data,"Deaths recorded on final death certificates for this month. The count is synthetic opioids other than methadone, a group that includes fentanyl and is not fentanyl alone."
2018-11,2548,Official final count,0.78,-121,162,164,,CDC WONDER final multiple-cause death data,"Deaths recorded on final death certificates for this month. The count is synthetic opioids other than methadone, a group that includes fentanyl and is not fentanyl alone."
2018-12,2639,Official final count,0.81,91,97,99,,CDC WONDER final multiple-cause death data,"Deaths recorded on final death certificates for this month. The count is synthetic opioids other than methadone, a group that includes fentanyl and is not fentanyl alone."
2019-01,2588,Official final count,0.79,-51,62,60,,CDC WONDER final multiple-cause death data,"Deaths recorded on final death certificates for this month. The count is synthetic opioids other than methadone, a group that includes fentanyl and is not fentanyl alone."
2019-02,2527,Official final count,0.77,-61,168,169,,CDC WONDER final multiple-cause death data,"Deaths recorded on final death certificates for this month. The count is synthetic opioids other than methadone, a group that includes fentanyl and is not fentanyl alone."
2019-03,2920,Official final count,0.89,393,265,265,,CDC WONDER final multiple-cause death data,"Deaths recorded on final death certificates for this month. The count is synthetic opioids other than methadone, a group that includes fentanyl and is not fentanyl alone."
2019-04,2735,Official final count,0.83,-185,173,178,,CDC WONDER final multiple-cause death data,"Deaths recorded on final death certificates for this month. The count is synthetic opioids other than methadone, a group that includes fentanyl and is not fentanyl alone."
2019-05,2855,Official final count,0.87,120,199,205,,CDC WONDER final multiple-cause death data,"Deaths recorded on final death certificates for this month. The count is synthetic opioids other than methadone, a group that includes fentanyl and is not fentanyl alone."
2019-06,2913,Official final count,0.89,58,190,192,,CDC WONDER final multiple-cause death data,"Deaths recorded on final death certificates for this month. The count is synthetic opioids other than methadone, a group that includes fentanyl and is not fentanyl alone."
2019-07,3125,Official final count,0.95,212,431,441,,CDC WONDER final multiple-cause death data,"Deaths recorded on final death certificates for this month. The count is synthetic opioids other than methadone, a group that includes fentanyl and is not fentanyl alone."
2019-08,3180,Official final count,0.97,55,477,479,,CDC WONDER final multiple-cause death data,"Deaths recorded on final death certificates for this month. The count is synthetic opioids other than methadone, a group that includes fentanyl and is not fentanyl alone."
2019-09,3139,Official final count,0.96,-41,538,543,,CDC WONDER final multiple-cause death data,"Deaths recorded on final death certificates for this month. The count is synthetic opioids other than methadone, a group that includes fentanyl and is not fentanyl alone."
2019-10,3378,Official final count,1.03,239,709,711,,CDC WONDER final multiple-cause death data,"Deaths recorded on final death certificates for this month. The count is synthetic opioids other than methadone, a group that includes fentanyl and is not fentanyl alone."
2019-11,3458,Official final count,1.05,80,910,909,,CDC WONDER final multiple-cause death data,"Deaths recorded on final death certificates for this month. The count is synthetic opioids other than methadone, a group that includes fentanyl and is not fentanyl alone."
2019-12,3541,Official final count,1.08,83,902,926,,CDC WONDER final multiple-cause death data,"Deaths recorded on final death certificates for this month. The count is synthetic opioids other than methadone, a group that includes fentanyl and is not fentanyl alone."
2020-01,3542,Official final count,1.07,1,954,976,,CDC WONDER final multiple-cause death data,"Deaths recorded on final death certificates for this month. The count is synthetic opioids other than methadone, a group that includes fentanyl and is not fentanyl alone."
2020-02,3649,Official final count,1.1,107,1122,1133,,CDC WONDER final multiple-cause death data,"Deaths recorded on final death certificates for this month. The count is synthetic opioids other than methadone, a group that includes fentanyl and is not fentanyl alone."
2020-03,4195,Official final count,1.27,546,1275,1294,,CDC WONDER final multiple-cause death data,"Deaths recorded on final death certificates for this month. The count is synthetic opioids other than methadone, a group that includes fentanyl and is not fentanyl alone."
2020-04,4883,Official final count,1.47,688,2148,2157,,CDC WONDER final multiple-cause death data,"Deaths recorded on final death certificates for this month. The count is synthetic opioids other than methadone, a group that includes fentanyl and is not fentanyl alone."
2020-05,6117,Official final count,1.84,1234,3262,3275,,CDC WONDER final multiple-cause death data,"Deaths recorded on final death certificates for this month. The count is synthetic opioids other than methadone, a group that includes fentanyl and is not fentanyl alone."
2020-06,5211,Official final count,1.57,-906,2298,2306,,CDC WONDER final multiple-cause death data,"Deaths recorded on final death certificates for this month. The count is synthetic opioids other than methadone, a group that includes fentanyl and is not fentanyl alone."
2020-07,5165,Official final count,1.56,-46,2040,2050,,CDC WONDER final multiple-cause death data,"Deaths recorded on final death certificates for this month. The count is synthetic opioids other than methadone, a group that includes fentanyl and is not fentanyl alone."
2020-08,5027,Official final count,1.52,-138,1847,1859,,CDC WONDER final multiple-cause death data,"Deaths recorded on final death certificates for this month. The count is synthetic opioids other than methadone, a group that includes fentanyl and is not fentanyl alone."
2020-09,4717,Official final count,1.42,-310,1578,1590,,CDC WONDER final multiple-cause death data,"Deaths recorded on final death certificates for this month. The count is synthetic opioids other than methadone, a group that includes fentanyl and is not fentanyl alone."
2020-10,4600,Official final count,1.39,-117,1222,1229,,CDC WONDER final multiple-cause death data,"Deaths recorded on final death certificates for this month. The count is synthetic opioids other than methadone, a group that includes fentanyl and is not fentanyl alone."
2020-11,4650,Official final count,1.4,50,1192,1200,,CDC WONDER final multiple-cause death data,"Deaths recorded on final death certificates for this month. The count is synthetic opioids other than methadone, a group that includes fentanyl and is not fentanyl alone."
2020-12,4760,Official final count,1.44,110,1219,1222,,CDC WONDER final multiple-cause death data,"Deaths recorded on final death certificates for this month. The count is synthetic opioids other than methadone, a group that includes fentanyl and is not fentanyl alone."
2021-01,5543,Official final count,1.67,783,2001,2014,,CDC WONDER final multiple-cause death data,"Deaths recorded on final death certificates for this month. The count is synthetic opioids other than methadone, a group that includes fentanyl and is not fentanyl alone."
2021-02,4890,Official final count,1.47,-653,1241,1251,,CDC WONDER final multiple-cause death data,"Deaths recorded on final death certificates for this month. The count is synthetic opioids other than methadone, a group that includes fentanyl and is not fentanyl alone."
2021-03,6236,Official final count,1.88,1346,2041,2036,,CDC WONDER final multiple-cause death data,"Deaths recorded on final death certificates for this month. The count is synthetic opioids other than methadone, a group that includes fentanyl and is not fentanyl alone."
2021-04,6272,Official final count,1.89,36,1389,1396,,CDC WONDER final multiple-cause death data,"Deaths recorded on final death certificates for this month. The count is synthetic opioids other than methadone, a group that includes fentanyl and is not fentanyl alone."
2021-05,6159,Official final count,1.85,-113,42,51,,CDC WONDER final multiple-cause death data,"Deaths recorded on final death certificates for this month. The count is synthetic opioids other than methadone, a group that includes fentanyl and is not fentanyl alone."
2021-06,5939,Official final count,1.79,-220,728,736,,CDC WONDER final multiple-cause death data,"Deaths recorded on final death certificates for this month. The count is synthetic opioids other than methadone, a group that includes fentanyl and is not fentanyl alone."
2021-07,6076,Official final count,1.83,137,911,927,,CDC WONDER final multiple-cause death data,"Deaths recorded on final death certificates for this month. The count is synthetic opioids other than methadone, a group that includes fentanyl and is not fentanyl alone."
2021-08,6150,Official final count,1.85,74,1123,1139,,CDC WONDER final multiple-cause death data,"Deaths recorded on final death certificates for this month. The count is synthetic opioids other than methadone, a group that includes fentanyl and is not fentanyl alone."
2021-09,5981,Official final count,1.8,-169,1264,1272,,CDC WONDER final multiple-cause death data,"Deaths recorded on final death certificates for this month. The count is synthetic opioids other than methadone, a group that includes fentanyl and is not fentanyl alone."
2021-10,5915,Official final count,1.78,-66,1315,1342,,CDC WONDER final multiple-cause death data,"Deaths recorded on final death certificates for this month. The count is synthetic opioids other than methadone, a group that includes fentanyl and is not fentanyl alone."
2021-11,5604,Official final count,1.69,-311,954,991,,CDC WONDER final multiple-cause death data,"Deaths recorded on final death certificates for this month. The count is synthetic opioids other than methadone, a group that includes fentanyl and is not fentanyl alone."
2021-12,5836,Official final count,1.76,232,1076,1094,,CDC WONDER final multiple-cause death data,"Deaths recorded on final death certificates for this month. The count is synthetic opioids other than methadone, a group that includes fentanyl and is not fentanyl alone."
2022-01,5960,Official final count,1.78,124,417,427,,CDC WONDER final multiple-cause death data,"Deaths recorded on final death certificates for this month. The count is synthetic opioids other than methadone, a group that includes fentanyl and is not fentanyl alone."
2022-02,5797,Official final count,1.74,-163,907,949,,CDC WONDER final multiple-cause death data,"Deaths recorded on final death certificates for this month. The count is synthetic opioids other than methadone, a group that includes fentanyl and is not fentanyl alone."
2022-03,6305,Official final count,1.89,508,69,95,,CDC WONDER final multiple-cause death data,"Deaths recorded on final death certificates for this month. The count is synthetic opioids other than methadone, a group that includes fentanyl and is not fentanyl alone."
2022-04,5875,Official final count,1.76,-430,-397,-351,,CDC WONDER final multiple-cause death data,"Deaths recorded on final death certificates for this month. The count is synthetic opioids other than methadone, a group that includes fentanyl and is not fentanyl alone."
2022-05,6013,Official final count,1.8,138,-146,-108,,CDC WONDER final multiple-cause death data,"Deaths recorded on final death certificates for this month. The count is synthetic opioids other than methadone, a group that includes fentanyl and is not fentanyl alone."
2022-06,5957,Official final count,1.78,-56,18,60,,CDC WONDER final multiple-cause death data,"Deaths recorded on final death certificates for this month. The count is synthetic opioids other than methadone, a group that includes fentanyl and is not fentanyl alone."
2022-07,6358,Official final count,1.9,401,282,321,,CDC WONDER final multiple-cause death data,"Deaths recorded on final death certificates for this month. The count is synthetic opioids other than methadone, a group that includes fentanyl and is not fentanyl alone."
2022-08,6324,Official final count,1.89,-34,174,229,,CDC WONDER final multiple-cause death data,"Deaths recorded on final death certificates for this month. The count is synthetic opioids other than methadone, a group that includes fentanyl and is not fentanyl alone."
2022-09,6019,Official final count,1.8,-305,38,78,,CDC WONDER final multiple-cause death data,"Deaths recorded on final death certificates for this month. The count is synthetic opioids other than methadone, a group that includes fentanyl and is not fentanyl alone."
2022-10,6445,Official final count,1.93,426,530,557,,CDC WONDER final multiple-cause death data,"Deaths recorded on final death certificates for this month. The count is synthetic opioids other than methadone, a group that includes fentanyl and is not fentanyl alone."
2022-11,6189,Official final count,1.85,-256,585,612,,CDC WONDER final multiple-cause death data,"Deaths recorded on final death certificates for this month. The count is synthetic opioids other than methadone, a group that includes fentanyl and is not fentanyl alone."
2022-12,6596,Official final count,1.97,407,760,817,,CDC WONDER final multiple-cause death data,"Deaths recorded on final death certificates for this month. The count is synthetic opioids other than methadone, a group that includes fentanyl and is not fentanyl alone."
2023-01,6474,Official final count,1.92,-122,514,561,,CDC WONDER final multiple-cause death data,"Deaths recorded on final death certificates for this month. The count is synthetic opioids other than methadone, a group that includes fentanyl and is not fentanyl alone."
2023-02,5937,Official final count,1.76,-537,140,158,,CDC WONDER final multiple-cause death data,"Deaths recorded on final death certificates for this month. The count is synthetic opioids other than methadone, a group that includes fentanyl and is not fentanyl alone."
2023-03,6669,Official final count,1.98,732,364,445,Operation Blue Lotus begins,CDC WONDER final multiple-cause death data,"Deaths recorded on final death certificates for this month. The count is synthetic opioids other than methadone, a group that includes fentanyl and is not fentanyl alone."
2023-04,6544,Official final count,1.94,-125,669,690,Fentanyl combined with xylazine designated an emerging threat,CDC WONDER final multiple-cause death data,"Deaths recorded on final death certificates for this month. The count is synthetic opioids other than methadone, a group that includes fentanyl and is not fentanyl alone."
2023-05,6681,Official final count,1.98,137,668,692,,CDC WONDER final multiple-cause death data,"Deaths recorded on final death certificates for this month. The count is synthetic opioids other than methadone, a group that includes fentanyl and is not fentanyl alone."
2023-06,6246,Official final count,1.85,-435,289,320,,CDC WONDER final multiple-cause death data,"Deaths recorded on final death certificates for this month. The count is synthetic opioids other than methadone, a group that includes fentanyl and is not fentanyl alone."
2023-07,6334,Official final count,1.88,88,-24,-2,,CDC WONDER final multiple-cause death data,"Deaths recorded on final death certificates for this month. The count is synthetic opioids other than methadone, a group that includes fentanyl and is not fentanyl alone."
2023-08,6185,Official final count,1.84,-149,-139,-112,,CDC WONDER final multiple-cause death data,"Deaths recorded on final death certificates for this month. The count is synthetic opioids other than methadone, a group that includes fentanyl and is not fentanyl alone."
2023-09,5618,Official final count,1.67,-567,-401,-380,,CDC WONDER final multiple-cause death data,"Deaths recorded on final death certificates for this month. The count is synthetic opioids other than methadone, a group that includes fentanyl and is not fentanyl alone."
2023-10,5595,Official final count,1.66,-23,-850,-828,,CDC WONDER final multiple-cause death data,"Deaths recorded on final death certificates for this month. The count is synthetic opioids other than methadone, a group that includes fentanyl and is not fentanyl alone."
2023-11,5173,Official final count,1.54,-422,-1016,-1006,,CDC WONDER final multiple-cause death data,"Deaths recorded on final death certificates for this month. The count is synthetic opioids other than methadone, a group that includes fentanyl and is not fentanyl alone."
2023-12,5320,Official final count,1.58,147,-1276,-1276,,CDC WONDER final multiple-cause death data,"Deaths recorded on final death certificates for this month. The count is synthetic opioids other than methadone, a group that includes fentanyl and is not fentanyl alone."
2024-01,5115,Official final count,1.5,-205,-1359,-1373,,CDC WONDER final multiple-cause death data,"Deaths recorded on final death certificates for this month. The count is synthetic opioids other than methadone, a group that includes fentanyl and is not fentanyl alone."
2024-02,4741,Official final count,1.39,-374,-1196,-1197,,CDC WONDER final multiple-cause death data,"Deaths recorded on final death certificates for this month. The count is synthetic opioids other than methadone, a group that includes fentanyl and is not fentanyl alone."
2024-03,4816,Official final count,1.42,75,-1853,-1895,,CDC WONDER final multiple-cause death data,"Deaths recorded on final death certificates for this month. The count is synthetic opioids other than methadone, a group that includes fentanyl and is not fentanyl alone."
2024-04,4546,Official final count,1.34,-270,-1998,-2008,,CDC WONDER final multiple-cause death data,"Deaths recorded on final death certificates for this month. The count is synthetic opioids other than methadone, a group that includes fentanyl and is not fentanyl alone."
2024-05,4449,Official final count,1.31,-97,-2232,-2244,,CDC WONDER final multiple-cause death data,"Deaths recorded on final death certificates for this month. The count is synthetic opioids other than methadone, a group that includes fentanyl and is not fentanyl alone."
2024-06,4221,Official final count,1.24,-228,-2025,-2061,,CDC WONDER final multiple-cause death data,"Deaths recorded on final death certificates for this month. The count is synthetic opioids other than methadone, a group that includes fentanyl and is not fentanyl alone."
2024-07,3821,Official final count,1.12,-400,-2513,-2530,,CDC WONDER final multiple-cause death data,"Deaths recorded on final death certificates for this month. The count is synthetic opioids other than methadone, a group that includes fentanyl and is not fentanyl alone."
2024-08,3506,Official final count,1.03,-315,-2679,-2741,,CDC WONDER final multiple-cause death data,"Deaths recorded on final death certificates for this month. The count is synthetic opioids other than methadone, a group that includes fentanyl and is not fentanyl alone."
2024-09,3010,Official final count,0.89,-496,-2608,-2651,,CDC WONDER final multiple-cause death data,"Deaths recorded on final death certificates for this month. The count is synthetic opioids other than methadone, a group that includes fentanyl and is not fentanyl alone."
2024-10,3130,Official final count,0.92,120,-2465,-2515,,CDC WONDER final multiple-cause death data,"Deaths recorded on final death certificates for this month. The count is synthetic opioids other than methadone, a group that includes fentanyl and is not fentanyl alone."
2024-11,3073,Official final count,0.9,-57,-2100,-2151,,CDC WONDER final multiple-cause death data,"Deaths recorded on final death certificates for this month. The count is synthetic opioids other than methadone, a group that includes fentanyl and is not fentanyl alone."
2024-12,3307,Official final count,0.97,234,-2013,-2063,,CDC WONDER final multiple-cause death data,"Deaths recorded on final death certificates for this month. The count is synthetic opioids other than methadone, a group that includes fentanyl and is not fentanyl alone."
2025-01,3496,Estimated from the change in the 12-month total,1.02,189,-1619,-1619,,"CDC provisional 12-month totals, plus an earlier month in this file",CDC has not published a final count for this month. Estimated as the change in the 12-month total plus deaths from the same month one year earlier.
2025-02,3286,Estimated from the change in the 12-month total,0.96,-210,-1455,-1455,,"CDC provisional 12-month totals, plus an earlier month in this file",CDC has not published a final count for this month. Estimated as the change in the 12-month total plus deaths from the same month one year earlier.
2025-03,3871,Estimated from the change in the 12-month total,1.13,585,-945,-945,,"CDC provisional 12-month totals, plus an earlier month in this file",CDC has not published a final count for this month. Estimated as the change in the 12-month total plus deaths from the same month one year earlier.
2025-04,3473,Estimated from the change in the 12-month total,1.02,-398,-1073,-1073,,"CDC provisional 12-month totals, plus an earlier month in this file",CDC has not published a final count for this month. Estimated as the change in the 12-month total plus deaths from the same month one year earlier.
2025-05,3413,Estimated from the change in the 12-month total,1.0,-60,-1036,-1036,,"CDC provisional 12-month totals, plus an earlier month in this file",CDC has not published a final count for this month. Estimated as the change in the 12-month total plus deaths from the same month one year earlier.
2025-06,3283,Estimated from the change in the 12-month total,0.96,-130,-938,-938,,"CDC provisional 12-month totals, plus an earlier month in this file",CDC has not published a final count for this month. Estimated as the change in the 12-month total plus deaths from the same month one year earlier.
2025-07,3226,Estimated from the change in the 12-month total,0.94,-57,-595,-595,HALT Fentanyl Act becomes law,"CDC provisional 12-month totals, plus an earlier month in this file",CDC has not published a final count for this month. Estimated as the change in the 12-month total plus deaths from the same month one year earlier.
2025-08,2889,Estimated from the change in the 12-month total,0.85,-337,-617,-617,,"CDC provisional 12-month totals, plus an earlier month in this file",CDC has not published a final count for this month. Estimated as the change in the 12-month total plus deaths from the same month one year earlier.
2025-09,2648,Estimated from the change in the 12-month total,0.77,-241,-362,-362,,"CDC provisional 12-month totals, plus an earlier month in this file",CDC has not published a final count for this month. Estimated as the change in the 12-month total plus deaths from the same month one year earlier.
2025-10,2830,Estimated from the change in the 12-month total,0.83,182,-300,-300,,"CDC provisional 12-month totals, plus an earlier month in this file",CDC has not published a final count for this month. Estimated as the change in the 12-month total plus deaths from the same month one year earlier.
2025-11,2555,Estimated from the change in the 12-month total,0.75,-275,-518,-518,,"CDC provisional 12-month totals, plus an earlier month in this file",CDC has not published a final count for this month. Estimated as the change in the 12-month total plus deaths from the same month one year earlier.
2025-12,2609,Estimated from the change in the 12-month total,0.76,54,-698,-698,,"CDC provisional 12-month totals, plus an earlier month in this file",CDC has not published a final count for this month. Estimated as the change in the 12-month total plus deaths from the same month one year earlier.
2026-01,2823,Estimated from the change in the 12-month total,0.83,214,-673,-673,,"CDC provisional 12-month totals, plus an earlier month in this file",CDC has not published a final count for this month. Estimated as the change in the 12-month total plus deaths from the same month one year earlier. Population is the July 1 2025 Census estimate.
2026-02,2613,Estimated from the change in the 12-month total,0.76,-210,-673,-673,,"CDC provisional 12-month totals, plus an earlier month in this file",CDC has not published a final count for this month. Estimated as the change in the 12-month total plus deaths from the same month one year earlier. Population is the July 1 2025 Census estimate.
2026-03,2732,Estimated from the change in the 12-month total,0.8,119,-1139,-1139,,"CDC provisional 12-month totals, plus an earlier month in this file",CDC has not published a final count for this month. Estimated as the change in the 12-month total plus deaths from the same month one year earlier. Population is the July 1 2025 Census estimate.
2026-04,2567,Estimated from the change in the 12-month total,0.75,-165,-906,-906,,"CDC provisional 12-month totals, plus an earlier month in this file",CDC has not published a final count for this month. Estimated as the change in the 12-month total plus deaths from the same month one year earlier. Population is the July 1 2025 Census estimate.
