year,state_code,state_name,population,date_description,extracted_at
2009,1,Alabama,4633360,ACS 5-Year Estimate,2025-10-19 21:49:10.745562
2009,2,Alaska,683142,ACS 5-Year Estimate,2025-10-19 21:49:10.745562
2009,4,Arizona,6324865,ACS 5-Year Estimate,2025-10-19 21:49:10.745562
2009,5,Arkansas,2838143,ACS 5-Year Estimate,2025-10-19 21:49:10.745562
2009,6,California,36308527,ACS 5-Year Estimate,2025-10-19 21:49:10.745562
2009,8,Colorado,4843211,ACS 5-Year Estimate,2025-10-19 21:49:10.745562
2009,9,Connecticut,3494487,ACS 5-Year Estimate,2025-10-19 21:49:10.745562
2009,10,Delaware,863832,ACS 5-Year Estimate,2025-10-19 21:49:10.745562
2009,11,District of Columbia,588433,ACS 5-Year Estimate,2025-10-19 21:49:10.745562
2009,12,Florida,18222420,ACS 5-Year Estimate,2025-10-19 21:49:10.745562
2009,13,Georgia,9497667,ACS 5-Year Estimate,2025-10-19 21:49:10.745562
2009,15,Hawaii,1280241,ACS 5-Year Estimate,2025-10-19 21:49:10.745562
2009,16,Idaho,1492573,ACS 5-Year Estimate,2025-10-19 21:49:10.745562
2009,17,Illinois,12785043,ACS 5-Year Estimate,2025-10-19 21:49:10.745562
2009,18,Indiana,6342469,ACS 5-Year Estimate,2025-10-19 21:49:10.745562
2009,19,Iowa,2978880,ACS 5-Year Estimate,2025-10-19 21:49:10.745562
2009,20,Kansas,2777835,ACS 5-Year Estimate,2025-10-19 21:49:10.745562
2009,21,Kentucky,4252000,ACS 5-Year Estimate,2025-10-19 21:49:10.745562
2009,22,Louisiana,4411546,ACS 5-Year Estimate,2025-10-19 21:49:10.745562
2009,23,Maine,1316380,ACS 5-Year Estimate,2025-10-19 21:49:10.745562
2009,24,Maryland,5637418,ACS 5-Year Estimate,2025-10-19 21:49:10.745562
2009,25,Massachusetts,6511176,ACS 5-Year Estimate,2025-10-19 21:49:10.745562
2009,26,Michigan,10039208,ACS 5-Year Estimate,2025-10-19 21:49:10.745562
2009,27,Minnesota,5188581,ACS 5-Year Estimate,2025-10-19 21:49:10.745562
2009,28,Mississippi,2922240,ACS 5-Year Estimate,2025-10-19 21:49:10.745562
2009,29,Missouri,5904382,ACS 5-Year Estimate,2025-10-19 21:49:10.745562
2009,30,Montana,956257,ACS 5-Year Estimate,2025-10-19 21:49:10.745562
2009,31,Nebraska,1772124,ACS 5-Year Estimate,2025-10-19 21:49:10.745562
2009,32,Nevada,2545763,ACS 5-Year Estimate,2025-10-19 21:49:10.745562
2009,33,New Hampshire,1315419,ACS 5-Year Estimate,2025-10-19 21:49:10.745562
2009,34,New Jersey,8650548,ACS 5-Year Estimate,2025-10-19 21:49:10.745562
2009,35,New Mexico,1964860,ACS 5-Year Estimate,2025-10-19 21:49:10.745562
2009,36,New York,19423896,ACS 5-Year Estimate,2025-10-19 21:49:10.745562
2009,37,North Carolina,9045705,ACS 5-Year Estimate,2025-10-19 21:49:10.745562
2009,38,North Dakota,639725,ACS 5-Year Estimate,2025-10-19 21:49:10.745562
2009,39,Ohio,11511858,ACS 5-Year Estimate,2025-10-19 21:49:10.745562
2009,40,Oklahoma,3610073,ACS 5-Year Estimate,2025-10-19 21:49:10.745562
2009,41,Oregon,3727407,ACS 5-Year Estimate,2025-10-19 21:49:10.745562
2009,42,Pennsylvania,12516596,ACS 5-Year Estimate,2025-10-19 21:49:10.745562
2009,44,Rhode Island,1057381,ACS 5-Year Estimate,2025-10-19 21:49:10.745562
2009,45,South Carolina,4416867,ACS 5-Year Estimate,2025-10-19 21:49:10.745562
2009,46,South Dakota,796513,ACS 5-Year Estimate,2025-10-19 21:49:10.745562
2009,47,Tennessee,6158953,ACS 5-Year Estimate,2025-10-19 21:49:10.745562
2009,48,Texas,23819042,ACS 5-Year Estimate,2025-10-19 21:49:10.745562
2009,49,Utah,2651816,ACS 5-Year Estimate,2025-10-19 21:49:10.745562
2009,50,Vermont,620414,ACS 5-Year Estimate,2025-10-19 21:49:10.745562
2009,51,Virginia,7721730,ACS 5-Year Estimate,2025-10-19 21:49:10.745562
2009,53,Washington,6465755,ACS 5-Year Estimate,2025-10-19 21:49:10.745562
2009,54,West Virginia,1811403,ACS 5-Year Estimate,2025-10-19 21:49:10.745562
2009,55,Wisconsin,5599420,ACS 5-Year Estimate,2025-10-19 21:49:10.745562
2009,56,Wyoming,523949,ACS 5-Year Estimate,2025-10-19 21:49:10.745562
2009,72,Puerto Rico,3940109,ACS 5-Year Estimate,2025-10-19 21:49:10.745562
2010,1,Alabama,4712651,ACS 5-Year Estimate,2025-10-19 21:49:11.456877
2010,2,Alaska,691189,ACS 5-Year Estimate,2025-10-19 21:49:11.456877
2010,4,Arizona,6246816,ACS 5-Year Estimate,2025-10-19 21:49:11.456877
2010,5,Arkansas,2872684,ACS 5-Year Estimate,2025-10-19 21:49:11.456877
2010,6,California,36637290,ACS 5-Year Estimate,2025-10-19 21:49:11.456877
2010,8,Colorado,4887061,ACS 5-Year Estimate,2025-10-19 21:49:11.456877
2010,9,Connecticut,3545837,ACS 5-Year Estimate,2025-10-19 21:49:11.456877
2010,10,Delaware,881278,ACS 5-Year Estimate,2025-10-19 21:49:11.456877
2010,11,District of Columbia,584400,ACS 5-Year Estimate,2025-10-19 21:49:11.456877
2010,12,Florida,18511620,ACS 5-Year Estimate,2025-10-19 21:49:11.456877
2010,13,Georgia,9468815,ACS 5-Year Estimate,2025-10-19 21:49:11.456877
2010,15,Hawaii,1333591,ACS 5-Year Estimate,2025-10-19 21:49:11.456877
2010,16,Idaho,1526797,ACS 5-Year Estimate,2025-10-19 21:49:11.456877
2010,17,Illinois,12745359,ACS 5-Year Estimate,2025-10-19 21:49:11.456877
2010,18,Indiana,6417398,ACS 5-Year Estimate,2025-10-19 21:49:11.456877
2010,19,Iowa,3016267,ACS 5-Year Estimate,2025-10-19 21:49:11.456877
2010,20,Kansas,2809329,ACS 5-Year Estimate,2025-10-19 21:49:11.456877
2010,21,Kentucky,4285828,ACS 5-Year Estimate,2025-10-19 21:49:11.456877
2010,22,Louisiana,4429940,ACS 5-Year Estimate,2025-10-19 21:49:11.456877
2010,23,Maine,1327665,ACS 5-Year Estimate,2025-10-19 21:49:11.456877
2010,24,Maryland,5696423,ACS 5-Year Estimate,2025-10-19 21:49:11.456877
2010,25,Massachusetts,6477096,ACS 5-Year Estimate,2025-10-19 21:49:11.456877
2010,26,Michigan,9952687,ACS 5-Year Estimate,2025-10-19 21:49:11.456877
2010,27,Minnesota,5241914,ACS 5-Year Estimate,2025-10-19 21:49:11.456877
2010,28,Mississippi,2941991,ACS 5-Year Estimate,2025-10-19 21:49:11.456877
2010,29,Missouri,5922314,ACS 5-Year Estimate,2025-10-19 21:49:11.456877
2010,30,Montana,973739,ACS 5-Year Estimate,2025-10-19 21:49:11.456877
2010,31,Nebraska,1799125,ACS 5-Year Estimate,2025-10-19 21:49:11.456877
2010,32,Nevada,2633331,ACS 5-Year Estimate,2025-10-19 21:49:11.456877
2010,33,New Hampshire,1313939,ACS 5-Year Estimate,2025-10-19 21:49:11.456877
2010,34,New Jersey,8721577,ACS 5-Year Estimate,2025-10-19 21:49:11.456877
2010,35,New Mexico,2013122,ACS 5-Year Estimate,2025-10-19 21:49:11.456877
2010,36,New York,19229752,ACS 5-Year Estimate,2025-10-19 21:49:11.456877
2010,37,North Carolina,9271178,ACS 5-Year Estimate,2025-10-19 21:49:11.456877
2010,38,North Dakota,659858,ACS 5-Year Estimate,2025-10-19 21:49:11.456877
2010,39,Ohio,11512431,ACS 5-Year Estimate,2025-10-19 21:49:11.456877
2010,40,Oklahoma,3675339,ACS 5-Year Estimate,2025-10-19 21:49:11.456877
2010,41,Oregon,3761925,ACS 5-Year Estimate,2025-10-19 21:49:11.456877
2010,42,Pennsylvania,12612705,ACS 5-Year Estimate,2025-10-19 21:49:11.456877
2010,44,Rhode Island,1056389,ACS 5-Year Estimate,2025-10-19 21:49:11.456877
2010,45,South Carolina,4511428,ACS 5-Year Estimate,2025-10-19 21:49:11.456877
2010,46,South Dakota,799462,ACS 5-Year Estimate,2025-10-19 21:49:11.456877
2010,47,Tennessee,6234968,ACS 5-Year Estimate,2025-10-19 21:49:11.456877
2010,48,Texas,24311891,ACS 5-Year Estimate,2025-10-19 21:49:11.456877
2010,49,Utah,2657236,ACS 5-Year Estimate,2025-10-19 21:49:11.456877
2010,50,Vermont,624258,ACS 5-Year Estimate,2025-10-19 21:49:11.456877
2010,51,Virginia,7841754,ACS 5-Year Estimate,2025-10-19 21:49:11.456877
2010,53,Washington,6561297,ACS 5-Year Estimate,2025-10-19 21:49:11.456877
2010,54,West Virginia,1840802,ACS 5-Year Estimate,2025-10-19 21:49:11.456877
2010,55,Wisconsin,5637947,ACS 5-Year Estimate,2025-10-19 21:49:11.456877
2010,56,Wyoming,545579,ACS 5-Year Estimate,2025-10-19 21:49:11.456877
2010,72,Puerto Rico,3762322,ACS 5-Year Estimate,2025-10-19 21:49:11.456877
2011,28,Mississippi,2956700,ACS 5-Year Estimate,2025-10-19 21:49:11.954176
2011,29,Missouri,5955802,ACS 5-Year Estimate,2025-10-19 21:49:11.954176
2011,30,Montana,982854,ACS 5-Year Estimate,2025-10-19 21:49:11.954176
2011,31,Nebraska,1813061,ACS 5-Year Estimate,2025-10-19 21:49:11.954176
2011,32,Nevada,2673396,ACS 5-Year Estimate,2025-10-19 21:49:11.954176
2011,33,New Hampshire,1315911,ACS 5-Year Estimate,2025-10-19 21:49:11.954176
2011,34,New Jersey,8753064,ACS 5-Year Estimate,2025-10-19 21:49:11.954176
2011,35,New Mexico,2037136,ACS 5-Year Estimate,2025-10-19 21:49:11.954176
2011,36,New York,19302448,ACS 5-Year Estimate,2025-10-19 21:49:11.954176
2011,37,North Carolina,9418736,ACS 5-Year Estimate,2025-10-19 21:49:11.954176
2011,38,North Dakota,666783,ACS 5-Year Estimate,2025-10-19 21:49:11.954176
2011,39,Ohio,11525536,ACS 5-Year Estimate,2025-10-19 21:49:11.954176
2011,40,Oklahoma,3714520,ACS 5-Year Estimate,2025-10-19 21:49:11.954176
2011,41,Oregon,3801991,ACS 5-Year Estimate,2025-10-19 21:49:11.954176
2011,42,Pennsylvania,12660739,ACS 5-Year Estimate,2025-10-19 21:49:11.954176
2011,44,Rhode Island,1053959,ACS 5-Year Estimate,2025-10-19 21:49:11.954176
2011,45,South Carolina,4575864,ACS 5-Year Estimate,2025-10-19 21:49:11.954176
2011,46,South Dakota,807697,ACS 5-Year Estimate,2025-10-19 21:49:11.954176
2011,47,Tennessee,6297991,ACS 5-Year Estimate,2025-10-19 21:49:11.954176
2011,48,Texas,24774187,ACS 5-Year Estimate,2025-10-19 21:49:11.954176
2011,50,Vermont,624958,ACS 5-Year Estimate,2025-10-19 21:49:11.954176
2011,49,Utah,2715379,ACS 5-Year Estimate,2025-10-19 21:49:11.954176
2011,51,Virginia,7926192,ACS 5-Year Estimate,2025-10-19 21:49:11.954176
2011,53,Washington,6652845,ACS 5-Year Estimate,2025-10-19 21:49:11.954176
2011,54,West Virginia,1846372,ACS 5-Year Estimate,2025-10-19 21:49:11.954176
2011,55,Wisconsin,5664893,ACS 5-Year Estimate,2025-10-19 21:49:11.954176
2011,56,Wyoming,554697,ACS 5-Year Estimate,2025-10-19 21:49:11.954176
2011,72,Puerto Rico,3742586,ACS 5-Year Estimate,2025-10-19 21:49:11.954176
2011,1,Alabama,4747424,ACS 5-Year Estimate,2025-10-19 21:49:11.954176
2011,2,Alaska,700703,ACS 5-Year Estimate,2025-10-19 21:49:11.954176
2011,4,Arizona,6337373,ACS 5-Year Estimate,2025-10-19 21:49:11.954176
2011,5,Arkansas,2895928,ACS 5-Year Estimate,2025-10-19 21:49:11.954176
2011,6,California,36969200,ACS 5-Year Estimate,2025-10-19 21:49:11.954176
2011,8,Colorado,4966061,ACS 5-Year Estimate,2025-10-19 21:49:11.954176
2011,10,Delaware,890856,ACS 5-Year Estimate,2025-10-19 21:49:11.954176
2011,11,District of Columbia,593955,ACS 5-Year Estimate,2025-10-19 21:49:11.954176
2011,9,Connecticut,3558172,ACS 5-Year Estimate,2025-10-19 21:49:11.954176
2011,12,Florida,18688787,ACS 5-Year Estimate,2025-10-19 21:49:11.954176
2011,13,Georgia,9600612,ACS 5-Year Estimate,2025-10-19 21:49:11.954176
2011,16,Idaho,1549987,ACS 5-Year Estimate,2025-10-19 21:49:11.954176
2011,15,Hawaii,1346554,ACS 5-Year Estimate,2025-10-19 21:49:11.954176
2011,17,Illinois,12790182,ACS 5-Year Estimate,2025-10-19 21:49:11.954176
2011,18,Indiana,6454254,ACS 5-Year Estimate,2025-10-19 21:49:11.954176
2011,19,Iowa,3032266,ACS 5-Year Estimate,2025-10-19 21:49:11.954176
2011,20,Kansas,2830985,ACS 5-Year Estimate,2025-10-19 21:49:11.954176
2011,21,Kentucky,4316040,ACS 5-Year Estimate,2025-10-19 21:49:11.954176
2011,22,Louisiana,4484596,ACS 5-Year Estimate,2025-10-19 21:49:11.954176
2011,23,Maine,1328543,ACS 5-Year Estimate,2025-10-19 21:49:11.954176
2011,24,Maryland,5736545,ACS 5-Year Estimate,2025-10-19 21:49:11.954176
2011,25,Massachusetts,6512227,ACS 5-Year Estimate,2025-10-19 21:49:11.954176
2011,26,Michigan,9920621,ACS 5-Year Estimate,2025-10-19 21:49:11.954176
2011,27,Minnesota,5278190,ACS 5-Year Estimate,2025-10-19 21:49:11.954176
2012,1,Alabama,4777326,ACS 5-Year Estimate,2025-10-19 21:49:12.685250
2012,2,Alaska,711139,ACS 5-Year Estimate,2025-10-19 21:49:12.685250
2012,4,Arizona,6410979,ACS 5-Year Estimate,2025-10-19 21:49:12.685250
2012,5,Arkansas,2916372,ACS 5-Year Estimate,2025-10-19 21:49:12.685250
2012,6,California,37325068,ACS 5-Year Estimate,2025-10-19 21:49:12.685250
2012,8,Colorado,5042853,ACS 5-Year Estimate,2025-10-19 21:49:12.685250
2012,10,Delaware,900131,ACS 5-Year Estimate,2025-10-19 21:49:12.685250
2012,11,District of Columbia,605759,ACS 5-Year Estimate,2025-10-19 21:49:12.685250
2012,9,Connecticut,3572213,ACS 5-Year Estimate,2025-10-19 21:49:12.685250
2012,12,Florida,18885152,ACS 5-Year Estimate,2025-10-19 21:49:12.685250
2012,13,Georgia,9714569,ACS 5-Year Estimate,2025-10-19 21:49:12.685250
2012,16,Idaho,1567803,ACS 5-Year Estimate,2025-10-19 21:49:12.685250
2012,15,Hawaii,1362730,ACS 5-Year Estimate,2025-10-19 21:49:12.685250
2012,17,Illinois,12823860,ACS 5-Year Estimate,2025-10-19 21:49:12.685250
2012,18,Indiana,6485530,ACS 5-Year Estimate,2025-10-19 21:49:12.685250
2012,19,Iowa,3047646,ACS 5-Year Estimate,2025-10-19 21:49:12.685250
2012,20,Kansas,2851183,ACS 5-Year Estimate,2025-10-19 21:49:12.685250
2012,21,Kentucky,4340167,ACS 5-Year Estimate,2025-10-19 21:49:12.685250
2012,22,Louisiana,4529605,ACS 5-Year Estimate,2025-10-19 21:49:12.685250
2012,23,Maine,1329084,ACS 5-Year Estimate,2025-10-19 21:49:12.685250
2012,24,Maryland,5785496,ACS 5-Year Estimate,2025-10-19 21:49:12.685250
2012,25,Massachusetts,6560595,ACS 5-Year Estimate,2025-10-19 21:49:12.685250
2012,26,Michigan,9897264,ACS 5-Year Estimate,2025-10-19 21:49:12.685250
2012,27,Minnesota,5313081,ACS 5-Year Estimate,2025-10-19 21:49:12.685250
2012,28,Mississippi,2967620,ACS 5-Year Estimate,2025-10-19 21:49:12.685250
2012,29,Missouri,5982413,ACS 5-Year Estimate,2025-10-19 21:49:12.685250
2012,30,Montana,990785,ACS 5-Year Estimate,2025-10-19 21:49:12.685250
2012,31,Nebraska,1827306,ACS 5-Year Estimate,2025-10-19 21:49:12.685250
2012,32,Nevada,2704204,ACS 5-Year Estimate,2025-10-19 21:49:12.685250
2012,33,New Hampshire,1317474,ACS 5-Year Estimate,2025-10-19 21:49:12.685250
2012,34,New Jersey,8793888,ACS 5-Year Estimate,2025-10-19 21:49:12.685250
2012,35,New Mexico,2055287,ACS 5-Year Estimate,2025-10-19 21:49:12.685250
2012,36,New York,19398125,ACS 5-Year Estimate,2025-10-19 21:49:12.685250
2012,37,North Carolina,9544249,ACS 5-Year Estimate,2025-10-19 21:49:12.685250
2012,38,North Dakota,676253,ACS 5-Year Estimate,2025-10-19 21:49:12.685250
2012,39,Ohio,11533561,ACS 5-Year Estimate,2025-10-19 21:49:12.685250
2012,40,Oklahoma,3749005,ACS 5-Year Estimate,2025-10-19 21:49:12.685250
2012,41,Oregon,3836628,ACS 5-Year Estimate,2025-10-19 21:49:12.685250
2012,42,Pennsylvania,12699589,ACS 5-Year Estimate,2025-10-19 21:49:12.685250
2012,44,Rhode Island,1052471,ACS 5-Year Estimate,2025-10-19 21:49:12.685250
2012,45,South Carolina,4630351,ACS 5-Year Estimate,2025-10-19 21:49:12.685250
2012,46,South Dakota,815871,ACS 5-Year Estimate,2025-10-19 21:49:12.685250
2012,47,Tennessee,6353226,ACS 5-Year Estimate,2025-10-19 21:49:12.685250
2012,48,Texas,25208897,ACS 5-Year Estimate,2025-10-19 21:49:12.685250
2012,50,Vermont,625498,ACS 5-Year Estimate,2025-10-19 21:49:12.685250
2012,49,Utah,2766233,ACS 5-Year Estimate,2025-10-19 21:49:12.685250
2012,51,Virginia,8014955,ACS 5-Year Estimate,2025-10-19 21:49:12.685250
2012,53,Washington,6738714,ACS 5-Year Estimate,2025-10-19 21:49:12.685250
2012,54,West Virginia,1850481,ACS 5-Year Estimate,2025-10-19 21:49:12.685250
2012,55,Wisconsin,5687219,ACS 5-Year Estimate,2025-10-19 21:49:12.685250
2012,56,Wyoming,562803,ACS 5-Year Estimate,2025-10-19 21:49:12.685250
2012,72,Puerto Rico,3716727,ACS 5-Year Estimate,2025-10-19 21:49:12.685250
2013,1,Alabama,4799277,ACS 5-Year Estimate,2025-10-19 21:49:13.402466
2013,2,Alaska,720316,ACS 5-Year Estimate,2025-10-19 21:49:13.402466
2013,4,Arizona,6479703,ACS 5-Year Estimate,2025-10-19 21:49:13.402466
2013,5,Arkansas,2933369,ACS 5-Year Estimate,2025-10-19 21:49:13.402466
2013,6,California,37659181,ACS 5-Year Estimate,2025-10-19 21:49:13.402466
2013,8,Colorado,5119329,ACS 5-Year Estimate,2025-10-19 21:49:13.402466
2013,10,Delaware,908446,ACS 5-Year Estimate,2025-10-19 21:49:13.402466
2013,11,District of Columbia,619371,ACS 5-Year Estimate,2025-10-19 21:49:13.402466
2013,9,Connecticut,3583561,ACS 5-Year Estimate,2025-10-19 21:49:13.402466
2013,12,Florida,19091156,ACS 5-Year Estimate,2025-10-19 21:49:13.402466
2013,13,Georgia,9810417,ACS 5-Year Estimate,2025-10-19 21:49:13.402466
2013,16,Idaho,1583364,ACS 5-Year Estimate,2025-10-19 21:49:13.402466
2013,15,Hawaii,1376298,ACS 5-Year Estimate,2025-10-19 21:49:13.402466
2013,17,Illinois,12848554,ACS 5-Year Estimate,2025-10-19 21:49:13.402466
2013,18,Indiana,6514861,ACS 5-Year Estimate,2025-10-19 21:49:13.402466
2013,19,Iowa,3062553,ACS 5-Year Estimate,2025-10-19 21:49:13.402466
2013,20,Kansas,2868107,ACS 5-Year Estimate,2025-10-19 21:49:13.402466
2013,21,Kentucky,4361333,ACS 5-Year Estimate,2025-10-19 21:49:13.402466
2013,22,Louisiana,4567968,ACS 5-Year Estimate,2025-10-19 21:49:13.402466
2013,23,Maine,1328320,ACS 5-Year Estimate,2025-10-19 21:49:13.402466
2013,24,Maryland,5834299,ACS 5-Year Estimate,2025-10-19 21:49:13.402466
2013,25,Massachusetts,6605058,ACS 5-Year Estimate,2025-10-19 21:49:13.402466
2013,26,Michigan,9886095,ACS 5-Year Estimate,2025-10-19 21:49:13.402466
2013,27,Minnesota,5347740,ACS 5-Year Estimate,2025-10-19 21:49:13.402466
2013,28,Mississippi,2976872,ACS 5-Year Estimate,2025-10-19 21:49:13.402466
2013,29,Missouri,6007182,ACS 5-Year Estimate,2025-10-19 21:49:13.402466
2013,30,Montana,998554,ACS 5-Year Estimate,2025-10-19 21:49:13.402466
2013,31,Nebraska,1841625,ACS 5-Year Estimate,2025-10-19 21:49:13.402466
2013,32,Nevada,2730066,ACS 5-Year Estimate,2025-10-19 21:49:13.402466
2013,33,New Hampshire,1319171,ACS 5-Year Estimate,2025-10-19 21:49:13.402466
2013,34,New Jersey,8832406,ACS 5-Year Estimate,2025-10-19 21:49:13.402466
2013,35,New Mexico,2069706,ACS 5-Year Estimate,2025-10-19 21:49:13.402466
2013,36,New York,19487053,ACS 5-Year Estimate,2025-10-19 21:49:13.402466
2013,37,North Carolina,9651380,ACS 5-Year Estimate,2025-10-19 21:49:13.402466
2013,38,North Dakota,689781,ACS 5-Year Estimate,2025-10-19 21:49:13.402466
2013,39,Ohio,11549590,ACS 5-Year Estimate,2025-10-19 21:49:13.402466
2013,40,Oklahoma,3785742,ACS 5-Year Estimate,2025-10-19 21:49:13.402466
2013,41,Oregon,3868721,ACS 5-Year Estimate,2025-10-19 21:49:13.402466
2013,42,Pennsylvania,12731381,ACS 5-Year Estimate,2025-10-19 21:49:13.402466
2013,44,Rhode Island,1051695,ACS 5-Year Estimate,2025-10-19 21:49:13.402466
2013,45,South Carolina,4679602,ACS 5-Year Estimate,2025-10-19 21:49:13.402466
2013,46,South Dakota,825198,ACS 5-Year Estimate,2025-10-19 21:49:13.402466
2013,47,Tennessee,6402387,ACS 5-Year Estimate,2025-10-19 21:49:13.402466
2013,48,Texas,25639373,ACS 5-Year Estimate,2025-10-19 21:49:13.402466
2013,50,Vermont,625904,ACS 5-Year Estimate,2025-10-19 21:49:13.402466
2013,49,Utah,2813673,ACS 5-Year Estimate,2025-10-19 21:49:13.402466
2013,51,Virginia,8100653,ACS 5-Year Estimate,2025-10-19 21:49:13.402466
2013,53,Washington,6819579,ACS 5-Year Estimate,2025-10-19 21:49:13.402466
2013,54,West Virginia,1853619,ACS 5-Year Estimate,2025-10-19 21:49:13.402466
2013,55,Wisconsin,5706871,ACS 5-Year Estimate,2025-10-19 21:49:13.402466
2013,56,Wyoming,570134,ACS 5-Year Estimate,2025-10-19 21:49:13.402466
2013,72,Puerto Rico,3682966,ACS 5-Year Estimate,2025-10-19 21:49:13.402466
2014,1,Alabama,4817678,ACS 5-Year Estimate,2025-10-19 21:49:14.093695
2014,2,Alaska,728300,ACS 5-Year Estimate,2025-10-19 21:49:14.093695
2014,4,Arizona,6561516,ACS 5-Year Estimate,2025-10-19 21:49:14.093695
2014,5,Arkansas,2947036,ACS 5-Year Estimate,2025-10-19 21:49:14.093695
2014,6,California,38066920,ACS 5-Year Estimate,2025-10-19 21:49:14.093695
2014,8,Colorado,5197580,ACS 5-Year Estimate,2025-10-19 21:49:14.093695
2014,10,Delaware,917060,ACS 5-Year Estimate,2025-10-19 21:49:14.093695
2014,11,District of Columbia,633736,ACS 5-Year Estimate,2025-10-19 21:49:14.093695
2014,9,Connecticut,3592053,ACS 5-Year Estimate,2025-10-19 21:49:14.093695
2014,12,Florida,19361792,ACS 5-Year Estimate,2025-10-19 21:49:14.093695
2014,13,Georgia,9907756,ACS 5-Year Estimate,2025-10-19 21:49:14.093695
2014,16,Idaho,1599464,ACS 5-Year Estimate,2025-10-19 21:49:14.093695
2014,15,Hawaii,1392704,ACS 5-Year Estimate,2025-10-19 21:49:14.093695
2014,17,Illinois,12868747,ACS 5-Year Estimate,2025-10-19 21:49:14.093695
2014,18,Indiana,6542411,ACS 5-Year Estimate,2025-10-19 21:49:14.093695
2014,19,Iowa,3078116,ACS 5-Year Estimate,2025-10-19 21:49:14.093695
2014,20,Kansas,2882946,ACS 5-Year Estimate,2025-10-19 21:49:14.093695
2014,21,Kentucky,4383272,ACS 5-Year Estimate,2025-10-19 21:49:14.093695
2014,22,Louisiana,4601049,ACS 5-Year Estimate,2025-10-19 21:49:14.093695
2014,23,Maine,1328535,ACS 5-Year Estimate,2025-10-19 21:49:14.093695
2014,24,Maryland,5887776,ACS 5-Year Estimate,2025-10-19 21:49:14.093695
2014,25,Massachusetts,6657291,ACS 5-Year Estimate,2025-10-19 21:49:14.093695
2014,26,Michigan,9889024,ACS 5-Year Estimate,2025-10-19 21:49:14.093695
2014,27,Minnesota,5383661,ACS 5-Year Estimate,2025-10-19 21:49:14.093695
2014,28,Mississippi,2984345,ACS 5-Year Estimate,2025-10-19 21:49:14.093695
2014,29,Missouri,6028076,ACS 5-Year Estimate,2025-10-19 21:49:14.093695
2014,30,Montana,1006370,ACS 5-Year Estimate,2025-10-19 21:49:14.093695
2014,31,Nebraska,1855617,ACS 5-Year Estimate,2025-10-19 21:49:14.093695
2014,32,Nevada,2761584,ACS 5-Year Estimate,2025-10-19 21:49:14.093695
2014,33,New Hampshire,1321069,ACS 5-Year Estimate,2025-10-19 21:49:14.093695
2014,34,New Jersey,8874374,ACS 5-Year Estimate,2025-10-19 21:49:14.093695
2014,35,New Mexico,2080085,ACS 5-Year Estimate,2025-10-19 21:49:14.093695
2014,36,New York,19594330,ACS 5-Year Estimate,2025-10-19 21:49:14.093695
2014,37,North Carolina,9750405,ACS 5-Year Estimate,2025-10-19 21:49:14.093695
2014,38,North Dakota,704925,ACS 5-Year Estimate,2025-10-19 21:49:14.093695
2014,39,Ohio,11560380,ACS 5-Year Estimate,2025-10-19 21:49:14.093695
2014,40,Oklahoma,3818851,ACS 5-Year Estimate,2025-10-19 21:49:14.093695
2014,41,Oregon,3900343,ACS 5-Year Estimate,2025-10-19 21:49:14.093695
2014,42,Pennsylvania,12758729,ACS 5-Year Estimate,2025-10-19 21:49:14.093695
2014,44,Rhode Island,1053252,ACS 5-Year Estimate,2025-10-19 21:49:14.093695
2014,45,South Carolina,4727273,ACS 5-Year Estimate,2025-10-19 21:49:14.093695
2014,46,South Dakota,834708,ACS 5-Year Estimate,2025-10-19 21:49:14.093695
2014,47,Tennessee,6451365,ACS 5-Year Estimate,2025-10-19 21:49:14.093695
2014,48,Texas,26092033,ACS 5-Year Estimate,2025-10-19 21:49:14.093695
2014,50,Vermont,626358,ACS 5-Year Estimate,2025-10-19 21:49:14.093695
2014,49,Utah,2858111,ACS 5-Year Estimate,2025-10-19 21:49:14.093695
2014,51,Virginia,8185131,ACS 5-Year Estimate,2025-10-19 21:49:14.093695
2014,53,Washington,6899123,ACS 5-Year Estimate,2025-10-19 21:49:14.093695
2014,54,West Virginia,1853881,ACS 5-Year Estimate,2025-10-19 21:49:14.093695
2014,55,Wisconsin,5724692,ACS 5-Year Estimate,2025-10-19 21:49:14.093695
2014,56,Wyoming,575251,ACS 5-Year Estimate,2025-10-19 21:49:14.093695
2014,72,Puerto Rico,3638965,ACS 5-Year Estimate,2025-10-19 21:49:14.093695
2015,28,Mississippi,2988081,ACS 5-Year Estimate,2025-10-19 21:49:14.646780
2015,29,Missouri,6045448,ACS 5-Year Estimate,2025-10-19 21:49:14.646780
2015,30,Montana,1014699,ACS 5-Year Estimate,2025-10-19 21:49:14.646780
2015,31,Nebraska,1869365,ACS 5-Year Estimate,2025-10-19 21:49:14.646780
2015,32,Nevada,2798636,ACS 5-Year Estimate,2025-10-19 21:49:14.646780
2015,33,New Hampshire,1324201,ACS 5-Year Estimate,2025-10-19 21:49:14.646780
2015,34,New Jersey,8904413,ACS 5-Year Estimate,2025-10-19 21:49:14.646780
2015,35,New Mexico,2084117,ACS 5-Year Estimate,2025-10-19 21:49:14.646780
2015,36,New York,19673174,ACS 5-Year Estimate,2025-10-19 21:49:14.646780
2015,37,North Carolina,9845333,ACS 5-Year Estimate,2025-10-19 21:49:14.646780
2015,38,North Dakota,721640,ACS 5-Year Estimate,2025-10-19 21:49:14.646780
2015,39,Ohio,11575977,ACS 5-Year Estimate,2025-10-19 21:49:14.646780
2015,40,Oklahoma,3849733,ACS 5-Year Estimate,2025-10-19 21:49:14.646780
2015,41,Oregon,3939233,ACS 5-Year Estimate,2025-10-19 21:49:14.646780
2015,42,Pennsylvania,12779559,ACS 5-Year Estimate,2025-10-19 21:49:14.646780
2015,44,Rhode Island,1053661,ACS 5-Year Estimate,2025-10-19 21:49:14.646780
2015,45,South Carolina,4777576,ACS 5-Year Estimate,2025-10-19 21:49:14.646780
2015,46,South Dakota,843190,ACS 5-Year Estimate,2025-10-19 21:49:14.646780
2015,47,Tennessee,6499615,ACS 5-Year Estimate,2025-10-19 21:49:14.646780
2015,48,Texas,26538614,ACS 5-Year Estimate,2025-10-19 21:49:14.646780
2015,50,Vermont,626604,ACS 5-Year Estimate,2025-10-19 21:49:14.646780
2015,49,Utah,2903379,ACS 5-Year Estimate,2025-10-19 21:49:14.646780
2015,51,Virginia,8256630,ACS 5-Year Estimate,2025-10-19 21:49:14.646780
2015,53,Washington,6985464,ACS 5-Year Estimate,2025-10-19 21:49:14.646780
2015,54,West Virginia,1851420,ACS 5-Year Estimate,2025-10-19 21:49:14.646780
2015,55,Wisconsin,5742117,ACS 5-Year Estimate,2025-10-19 21:49:14.646780
2015,56,Wyoming,579679,ACS 5-Year Estimate,2025-10-19 21:49:14.646780
2015,72,Puerto Rico,3583073,ACS 5-Year Estimate,2025-10-19 21:49:14.646780
2015,1,Alabama,4830620,ACS 5-Year Estimate,2025-10-19 21:49:14.646780
2015,2,Alaska,733375,ACS 5-Year Estimate,2025-10-19 21:49:14.646780
2015,4,Arizona,6641928,ACS 5-Year Estimate,2025-10-19 21:49:14.646780
2015,5,Arkansas,2958208,ACS 5-Year Estimate,2025-10-19 21:49:14.646780
2015,6,California,38421464,ACS 5-Year Estimate,2025-10-19 21:49:14.646780
2015,8,Colorado,5278906,ACS 5-Year Estimate,2025-10-19 21:49:14.646780
2015,10,Delaware,926454,ACS 5-Year Estimate,2025-10-19 21:49:14.646780
2015,11,District of Columbia,647484,ACS 5-Year Estimate,2025-10-19 21:49:14.646780
2015,9,Connecticut,3593222,ACS 5-Year Estimate,2025-10-19 21:49:14.646780
2015,12,Florida,19645772,ACS 5-Year Estimate,2025-10-19 21:49:14.646780
2015,13,Georgia,10006693,ACS 5-Year Estimate,2025-10-19 21:49:14.646780
2015,16,Idaho,1616547,ACS 5-Year Estimate,2025-10-19 21:49:14.646780
2015,15,Hawaii,1406299,ACS 5-Year Estimate,2025-10-19 21:49:14.646780
2015,17,Illinois,12873761,ACS 5-Year Estimate,2025-10-19 21:49:14.646780
2015,18,Indiana,6568645,ACS 5-Year Estimate,2025-10-19 21:49:14.646780
2015,19,Iowa,3093526,ACS 5-Year Estimate,2025-10-19 21:49:14.646780
2015,20,Kansas,2892987,ACS 5-Year Estimate,2025-10-19 21:49:14.646780
2015,21,Kentucky,4397353,ACS 5-Year Estimate,2025-10-19 21:49:14.646780
2015,22,Louisiana,4625253,ACS 5-Year Estimate,2025-10-19 21:49:14.646780
2015,23,Maine,1329100,ACS 5-Year Estimate,2025-10-19 21:49:14.646780
2015,24,Maryland,5930538,ACS 5-Year Estimate,2025-10-19 21:49:14.646780
2015,25,Massachusetts,6705586,ACS 5-Year Estimate,2025-10-19 21:49:14.646780
2015,26,Michigan,9900571,ACS 5-Year Estimate,2025-10-19 21:49:14.646780
2015,27,Minnesota,5419171,ACS 5-Year Estimate,2025-10-19 21:49:14.646780
2016,28,Mississippi,2989192,ACS 5-Year Estimate,2025-10-19 21:49:15.347785
2016,29,Missouri,6059651,ACS 5-Year Estimate,2025-10-19 21:49:15.347785
2016,30,Montana,1023391,ACS 5-Year Estimate,2025-10-19 21:49:15.347785
2016,31,Nebraska,1881259,ACS 5-Year Estimate,2025-10-19 21:49:15.347785
2016,32,Nevada,2839172,ACS 5-Year Estimate,2025-10-19 21:49:15.347785
2016,33,New Hampshire,1327503,ACS 5-Year Estimate,2025-10-19 21:49:15.347785
2016,34,New Jersey,8915456,ACS 5-Year Estimate,2025-10-19 21:49:15.347785
2016,35,New Mexico,2082669,ACS 5-Year Estimate,2025-10-19 21:49:15.347785
2016,36,New York,19697457,ACS 5-Year Estimate,2025-10-19 21:49:15.347785
2016,37,North Carolina,9940828,ACS 5-Year Estimate,2025-10-19 21:49:15.347785
2016,38,North Dakota,736162,ACS 5-Year Estimate,2025-10-19 21:49:15.347785
2016,39,Ohio,11586941,ACS 5-Year Estimate,2025-10-19 21:49:15.347785
2016,40,Oklahoma,3875589,ACS 5-Year Estimate,2025-10-19 21:49:15.347785
2016,41,Oregon,3982267,ACS 5-Year Estimate,2025-10-19 21:49:15.347785
2016,42,Pennsylvania,12783977,ACS 5-Year Estimate,2025-10-19 21:49:15.347785
2016,44,Rhode Island,1054491,ACS 5-Year Estimate,2025-10-19 21:49:15.347785
2016,45,South Carolina,4834605,ACS 5-Year Estimate,2025-10-19 21:49:15.347785
2016,46,South Dakota,851058,ACS 5-Year Estimate,2025-10-19 21:49:15.347785
2016,47,Tennessee,6548009,ACS 5-Year Estimate,2025-10-19 21:49:15.347785
2016,48,Texas,26956435,ACS 5-Year Estimate,2025-10-19 21:49:15.347785
2016,50,Vermont,626249,ACS 5-Year Estimate,2025-10-19 21:49:15.347785
2016,49,Utah,2948427,ACS 5-Year Estimate,2025-10-19 21:49:15.347785
2016,51,Virginia,8310301,ACS 5-Year Estimate,2025-10-19 21:49:15.347785
2016,53,Washington,7073146,ACS 5-Year Estimate,2025-10-19 21:49:15.347785
2016,54,West Virginia,1846092,ACS 5-Year Estimate,2025-10-19 21:49:15.347785
2016,55,Wisconsin,5754798,ACS 5-Year Estimate,2025-10-19 21:49:15.347785
2016,56,Wyoming,583029,ACS 5-Year Estimate,2025-10-19 21:49:15.347785
2016,72,Puerto Rico,3529385,ACS 5-Year Estimate,2025-10-19 21:49:15.347785
2016,1,Alabama,4841164,ACS 5-Year Estimate,2025-10-19 21:49:15.347785
2016,2,Alaska,736855,ACS 5-Year Estimate,2025-10-19 21:49:15.347785
2016,4,Arizona,6728577,ACS 5-Year Estimate,2025-10-19 21:49:15.347785
2016,5,Arkansas,2968472,ACS 5-Year Estimate,2025-10-19 21:49:15.347785
2016,6,California,38654206,ACS 5-Year Estimate,2025-10-19 21:49:15.347785
2016,8,Colorado,5359295,ACS 5-Year Estimate,2025-10-19 21:49:15.347785
2016,10,Delaware,934695,ACS 5-Year Estimate,2025-10-19 21:49:15.347785
2016,11,District of Columbia,659009,ACS 5-Year Estimate,2025-10-19 21:49:15.347785
2016,9,Connecticut,3588570,ACS 5-Year Estimate,2025-10-19 21:49:15.347785
2016,12,Florida,19934451,ACS 5-Year Estimate,2025-10-19 21:49:15.347785
2016,13,Georgia,10099320,ACS 5-Year Estimate,2025-10-19 21:49:15.347785
2016,16,Idaho,1635483,ACS 5-Year Estimate,2025-10-19 21:49:15.347785
2016,15,Hawaii,1413673,ACS 5-Year Estimate,2025-10-19 21:49:15.347785
2016,17,Illinois,12851684,ACS 5-Year Estimate,2025-10-19 21:49:15.347785
2016,18,Indiana,6589578,ACS 5-Year Estimate,2025-10-19 21:49:15.347785
2016,19,Iowa,3106589,ACS 5-Year Estimate,2025-10-19 21:49:15.347785
2016,20,Kansas,2898292,ACS 5-Year Estimate,2025-10-19 21:49:15.347785
2016,21,Kentucky,4411989,ACS 5-Year Estimate,2025-10-19 21:49:15.347785
2016,22,Louisiana,4645670,ACS 5-Year Estimate,2025-10-19 21:49:15.347785
2016,23,Maine,1329923,ACS 5-Year Estimate,2025-10-19 21:49:15.347785
2016,24,Maryland,5959902,ACS 5-Year Estimate,2025-10-19 21:49:15.347785
2016,25,Massachusetts,6742143,ACS 5-Year Estimate,2025-10-19 21:49:15.347785
2016,26,Michigan,9909600,ACS 5-Year Estimate,2025-10-19 21:49:15.347785
2016,27,Minnesota,5450868,ACS 5-Year Estimate,2025-10-19 21:49:15.347785
2017,28,Mississippi,2986220,ACS 5-Year Estimate,2025-10-19 21:49:16.046816
2017,29,Missouri,6075300,ACS 5-Year Estimate,2025-10-19 21:49:16.046816
2017,30,Montana,1029862,ACS 5-Year Estimate,2025-10-19 21:49:16.046816
2017,31,Nebraska,1893921,ACS 5-Year Estimate,2025-10-19 21:49:16.046816
2017,32,Nevada,2887725,ACS 5-Year Estimate,2025-10-19 21:49:16.046816
2017,33,New Hampshire,1331848,ACS 5-Year Estimate,2025-10-19 21:49:16.046816
2017,34,New Jersey,8960161,ACS 5-Year Estimate,2025-10-19 21:49:16.046816
2017,35,New Mexico,2084828,ACS 5-Year Estimate,2025-10-19 21:49:16.046816
2017,1,Alabama,4850771,ACS 5-Year Estimate,2025-10-19 21:49:16.046816
2017,2,Alaska,738565,ACS 5-Year Estimate,2025-10-19 21:49:16.046816
2017,4,Arizona,6809946,ACS 5-Year Estimate,2025-10-19 21:49:16.046816
2017,5,Arkansas,2977944,ACS 5-Year Estimate,2025-10-19 21:49:16.046816
2017,6,California,38982847,ACS 5-Year Estimate,2025-10-19 21:49:16.046816
2017,36,New York,19798228,ACS 5-Year Estimate,2025-10-19 21:49:16.046816
2017,37,North Carolina,10052564,ACS 5-Year Estimate,2025-10-19 21:49:16.046816
2017,38,North Dakota,745475,ACS 5-Year Estimate,2025-10-19 21:49:16.046816
2017,39,Ohio,11609756,ACS 5-Year Estimate,2025-10-19 21:49:16.046816
2017,40,Oklahoma,3896251,ACS 5-Year Estimate,2025-10-19 21:49:16.046816
2017,41,Oregon,4025127,ACS 5-Year Estimate,2025-10-19 21:49:16.046816
2017,42,Pennsylvania,12790505,ACS 5-Year Estimate,2025-10-19 21:49:16.046816
2017,44,Rhode Island,1056138,ACS 5-Year Estimate,2025-10-19 21:49:16.046816
2017,45,South Carolina,4893444,ACS 5-Year Estimate,2025-10-19 21:49:16.046816
2017,46,South Dakota,855444,ACS 5-Year Estimate,2025-10-19 21:49:16.046816
2017,47,Tennessee,6597381,ACS 5-Year Estimate,2025-10-19 21:49:16.046816
2017,48,Texas,27419612,ACS 5-Year Estimate,2025-10-19 21:49:16.046816
2017,50,Vermont,624636,ACS 5-Year Estimate,2025-10-19 21:49:16.046816
2017,49,Utah,2993941,ACS 5-Year Estimate,2025-10-19 21:49:16.046816
2017,51,Virginia,8365952,ACS 5-Year Estimate,2025-10-19 21:49:16.046816
2017,53,Washington,7169967,ACS 5-Year Estimate,2025-10-19 21:49:16.046816
2017,54,West Virginia,1836843,ACS 5-Year Estimate,2025-10-19 21:49:16.046816
2017,55,Wisconsin,5763217,ACS 5-Year Estimate,2025-10-19 21:49:16.046816
2017,56,Wyoming,583200,ACS 5-Year Estimate,2025-10-19 21:49:16.046816
2017,72,Puerto Rico,3468963,ACS 5-Year Estimate,2025-10-19 21:49:16.046816
2017,10,Delaware,943732,ACS 5-Year Estimate,2025-10-19 21:49:16.046816
2017,11,District of Columbia,672391,ACS 5-Year Estimate,2025-10-19 21:49:16.046816
2017,9,Connecticut,3594478,ACS 5-Year Estimate,2025-10-19 21:49:16.046816
2017,12,Florida,20278447,ACS 5-Year Estimate,2025-10-19 21:49:16.046816
2017,13,Georgia,10201635,ACS 5-Year Estimate,2025-10-19 21:49:16.046816
2017,16,Idaho,1657375,ACS 5-Year Estimate,2025-10-19 21:49:16.046816
2017,15,Hawaii,1421658,ACS 5-Year Estimate,2025-10-19 21:49:16.046816
2017,17,Illinois,12854526,ACS 5-Year Estimate,2025-10-19 21:49:16.046816
2017,18,Indiana,6614418,ACS 5-Year Estimate,2025-10-19 21:49:16.046816
2017,19,Iowa,3118102,ACS 5-Year Estimate,2025-10-19 21:49:16.046816
2017,20,Kansas,2903820,ACS 5-Year Estimate,2025-10-19 21:49:16.046816
2017,21,Kentucky,4424376,ACS 5-Year Estimate,2025-10-19 21:49:16.046816
2017,22,Louisiana,4663461,ACS 5-Year Estimate,2025-10-19 21:49:16.046816
2017,23,Maine,1330158,ACS 5-Year Estimate,2025-10-19 21:49:16.046816
2017,24,Maryland,5996079,ACS 5-Year Estimate,2025-10-19 21:49:16.046816
2017,25,Massachusetts,6789319,ACS 5-Year Estimate,2025-10-19 21:49:16.046816
2017,26,Michigan,9925568,ACS 5-Year Estimate,2025-10-19 21:49:16.046816
2017,27,Minnesota,5490726,ACS 5-Year Estimate,2025-10-19 21:49:16.046816
2017,8,Colorado,5436519,ACS 5-Year Estimate,2025-10-19 21:49:16.046816
2018,28,Mississippi,2988762,ACS 5-Year Estimate,2025-10-19 21:49:16.788873
2018,29,Missouri,6090062,ACS 5-Year Estimate,2025-10-19 21:49:16.788873
2018,30,Montana,1041732,ACS 5-Year Estimate,2025-10-19 21:49:16.788873
2018,31,Nebraska,1904760,ACS 5-Year Estimate,2025-10-19 21:49:16.788873
2018,32,Nevada,2922849,ACS 5-Year Estimate,2025-10-19 21:49:16.788873
2018,33,New Hampshire,1343622,ACS 5-Year Estimate,2025-10-19 21:49:16.788873
2018,34,New Jersey,8881845,ACS 5-Year Estimate,2025-10-19 21:49:16.788873
2018,35,New Mexico,2092434,ACS 5-Year Estimate,2025-10-19 21:49:16.788873
2018,36,New York,19618453,ACS 5-Year Estimate,2025-10-19 21:49:16.788873
2018,37,North Carolina,10155624,ACS 5-Year Estimate,2025-10-19 21:49:16.788873
2018,38,North Dakota,752201,ACS 5-Year Estimate,2025-10-19 21:49:16.788873
2018,39,Ohio,11641879,ACS 5-Year Estimate,2025-10-19 21:49:16.788873
2018,40,Oklahoma,3918137,ACS 5-Year Estimate,2025-10-19 21:49:16.788873
2018,41,Oregon,4081943,ACS 5-Year Estimate,2025-10-19 21:49:16.788873
2018,42,Pennsylvania,12791181,ACS 5-Year Estimate,2025-10-19 21:49:16.788873
2018,44,Rhode Island,1056611,ACS 5-Year Estimate,2025-10-19 21:49:16.788873
2018,45,South Carolina,4955925,ACS 5-Year Estimate,2025-10-19 21:49:16.788873
2018,46,South Dakota,864289,ACS 5-Year Estimate,2025-10-19 21:49:16.788873
2018,47,Tennessee,6651089,ACS 5-Year Estimate,2025-10-19 21:49:16.788873
2018,48,Texas,27885195,ACS 5-Year Estimate,2025-10-19 21:49:16.788873
2018,50,Vermont,624977,ACS 5-Year Estimate,2025-10-19 21:49:16.788873
2018,49,Utah,3045350,ACS 5-Year Estimate,2025-10-19 21:49:16.788873
2018,51,Virginia,8413774,ACS 5-Year Estimate,2025-10-19 21:49:16.788873
2018,53,Washington,7294336,ACS 5-Year Estimate,2025-10-19 21:49:16.788873
2018,54,West Virginia,1829054,ACS 5-Year Estimate,2025-10-19 21:49:16.788873
2018,55,Wisconsin,5778394,ACS 5-Year Estimate,2025-10-19 21:49:16.788873
2018,56,Wyoming,581836,ACS 5-Year Estimate,2025-10-19 21:49:16.788873
2018,72,Puerto Rico,3386941,ACS 5-Year Estimate,2025-10-19 21:49:16.788873
2018,1,Alabama,4864680,ACS 5-Year Estimate,2025-10-19 21:49:16.788873
2018,2,Alaska,738516,ACS 5-Year Estimate,2025-10-19 21:49:16.788873
2018,4,Arizona,6946685,ACS 5-Year Estimate,2025-10-19 21:49:16.788873
2018,5,Arkansas,2990671,ACS 5-Year Estimate,2025-10-19 21:49:16.788873
2018,6,California,39148760,ACS 5-Year Estimate,2025-10-19 21:49:16.788873
2018,8,Colorado,5531141,ACS 5-Year Estimate,2025-10-19 21:49:16.788873
2018,10,Delaware,949495,ACS 5-Year Estimate,2025-10-19 21:49:16.788873
2018,11,District of Columbia,684498,ACS 5-Year Estimate,2025-10-19 21:49:16.788873
2018,9,Connecticut,3581504,ACS 5-Year Estimate,2025-10-19 21:49:16.788873
2018,12,Florida,20598139,ACS 5-Year Estimate,2025-10-19 21:49:16.788873
2018,13,Georgia,10297484,ACS 5-Year Estimate,2025-10-19 21:49:16.788873
2018,16,Idaho,1687809,ACS 5-Year Estimate,2025-10-19 21:49:16.788873
2018,15,Hawaii,1422029,ACS 5-Year Estimate,2025-10-19 21:49:16.788873
2018,17,Illinois,12821497,ACS 5-Year Estimate,2025-10-19 21:49:16.788873
2018,18,Indiana,6637426,ACS 5-Year Estimate,2025-10-19 21:49:16.788873
2018,19,Iowa,3132499,ACS 5-Year Estimate,2025-10-19 21:49:16.788873
2018,20,Kansas,2908776,ACS 5-Year Estimate,2025-10-19 21:49:16.788873
2018,21,Kentucky,4440204,ACS 5-Year Estimate,2025-10-19 21:49:16.788873
2018,22,Louisiana,4663616,ACS 5-Year Estimate,2025-10-19 21:49:16.788873
2018,23,Maine,1332813,ACS 5-Year Estimate,2025-10-19 21:49:16.788873
2018,24,Maryland,6003435,ACS 5-Year Estimate,2025-10-19 21:49:16.788873
2018,25,Massachusetts,6830193,ACS 5-Year Estimate,2025-10-19 21:49:16.788873
2018,26,Michigan,9957488,ACS 5-Year Estimate,2025-10-19 21:49:16.788873
2018,27,Minnesota,5527358,ACS 5-Year Estimate,2025-10-19 21:49:16.788873
2019,1,Alabama,4876250,ACS 5-Year Estimate,2025-10-19 21:49:17.499593
2019,2,Alaska,737068,ACS 5-Year Estimate,2025-10-19 21:49:17.499593
2019,4,Arizona,7050299,ACS 5-Year Estimate,2025-10-19 21:49:17.499593
2019,5,Arkansas,2999370,ACS 5-Year Estimate,2025-10-19 21:49:17.499593
2019,6,California,39283497,ACS 5-Year Estimate,2025-10-19 21:49:17.499593
2019,8,Colorado,5610349,ACS 5-Year Estimate,2025-10-19 21:49:17.499593
2019,10,Delaware,957248,ACS 5-Year Estimate,2025-10-19 21:49:17.499593
2019,11,District of Columbia,692683,ACS 5-Year Estimate,2025-10-19 21:49:17.499593
2019,9,Connecticut,3575074,ACS 5-Year Estimate,2025-10-19 21:49:17.499593
2019,12,Florida,20901636,ACS 5-Year Estimate,2025-10-19 21:49:17.499593
2019,13,Georgia,10403847,ACS 5-Year Estimate,2025-10-19 21:49:17.499593
2019,16,Idaho,1717750,ACS 5-Year Estimate,2025-10-19 21:49:17.499593
2019,15,Hawaii,1422094,ACS 5-Year Estimate,2025-10-19 21:49:17.499593
2019,17,Illinois,12770631,ACS 5-Year Estimate,2025-10-19 21:49:17.499593
2019,18,Indiana,6665703,ACS 5-Year Estimate,2025-10-19 21:49:17.499593
2019,19,Iowa,3139508,ACS 5-Year Estimate,2025-10-19 21:49:17.499593
2019,20,Kansas,2910652,ACS 5-Year Estimate,2025-10-19 21:49:17.499593
2019,21,Kentucky,4449052,ACS 5-Year Estimate,2025-10-19 21:49:17.499593
2019,22,Louisiana,4664362,ACS 5-Year Estimate,2025-10-19 21:49:17.499593
2019,23,Maine,1335492,ACS 5-Year Estimate,2025-10-19 21:49:17.499593
2019,24,Maryland,6018848,ACS 5-Year Estimate,2025-10-19 21:49:17.499593
2019,25,Massachusetts,6850553,ACS 5-Year Estimate,2025-10-19 21:49:17.499593
2019,26,Michigan,9965265,ACS 5-Year Estimate,2025-10-19 21:49:17.499593
2019,27,Minnesota,5563378,ACS 5-Year Estimate,2025-10-19 21:49:17.499593
2019,28,Mississippi,2984418,ACS 5-Year Estimate,2025-10-19 21:49:17.499593
2019,29,Missouri,6104910,ACS 5-Year Estimate,2025-10-19 21:49:17.499593
2019,30,Montana,1050649,ACS 5-Year Estimate,2025-10-19 21:49:17.499593
2019,31,Nebraska,1914571,ACS 5-Year Estimate,2025-10-19 21:49:17.499593
2019,32,Nevada,2972382,ACS 5-Year Estimate,2025-10-19 21:49:17.499593
2019,33,New Hampshire,1348124,ACS 5-Year Estimate,2025-10-19 21:49:17.499593
2019,34,New Jersey,8878503,ACS 5-Year Estimate,2025-10-19 21:49:17.499593
2019,35,New Mexico,2092454,ACS 5-Year Estimate,2025-10-19 21:49:17.499593
2019,36,New York,19572319,ACS 5-Year Estimate,2025-10-19 21:49:17.499593
2019,37,North Carolina,10264876,ACS 5-Year Estimate,2025-10-19 21:49:17.499593
2019,38,North Dakota,756717,ACS 5-Year Estimate,2025-10-19 21:49:17.499593
2019,39,Ohio,11655397,ACS 5-Year Estimate,2025-10-19 21:49:17.499593
2019,40,Oklahoma,3932870,ACS 5-Year Estimate,2025-10-19 21:49:17.499593
2019,41,Oregon,4129803,ACS 5-Year Estimate,2025-10-19 21:49:17.499593
2019,42,Pennsylvania,12791530,ACS 5-Year Estimate,2025-10-19 21:49:17.499593
2019,44,Rhode Island,1057231,ACS 5-Year Estimate,2025-10-19 21:49:17.499593
2019,45,South Carolina,5020806,ACS 5-Year Estimate,2025-10-19 21:49:17.499593
2019,46,South Dakota,870638,ACS 5-Year Estimate,2025-10-19 21:49:17.499593
2019,47,Tennessee,6709356,ACS 5-Year Estimate,2025-10-19 21:49:17.499593
2019,48,Texas,28260856,ACS 5-Year Estimate,2025-10-19 21:49:17.499593
2019,50,Vermont,624313,ACS 5-Year Estimate,2025-10-19 21:49:17.499593
2019,49,Utah,3096848,ACS 5-Year Estimate,2025-10-19 21:49:17.499593
2019,51,Virginia,8454463,ACS 5-Year Estimate,2025-10-19 21:49:17.499593
2019,53,Washington,7404107,ACS 5-Year Estimate,2025-10-19 21:49:17.499593
2019,54,West Virginia,1817305,ACS 5-Year Estimate,2025-10-19 21:49:17.499593
2019,55,Wisconsin,5790716,ACS 5-Year Estimate,2025-10-19 21:49:17.499593
2019,56,Wyoming,581024,ACS 5-Year Estimate,2025-10-19 21:49:17.499593
2019,72,Puerto Rico,3318447,ACS 5-Year Estimate,2025-10-19 21:49:17.499593
2020,42,Pennsylvania,12794885,ACS 5-Year Estimate,2025-10-19 21:49:18.098209
2020,6,California,39346023,ACS 5-Year Estimate,2025-10-19 21:49:18.098209
2020,54,West Virginia,1807426,ACS 5-Year Estimate,2025-10-19 21:49:18.098209
2020,49,Utah,3151239,ACS 5-Year Estimate,2025-10-19 21:49:18.098209
2020,36,New York,19514849,ACS 5-Year Estimate,2025-10-19 21:49:18.098209
2020,11,District of Columbia,701974,ACS 5-Year Estimate,2025-10-19 21:49:18.098209
2020,2,Alaska,736990,ACS 5-Year Estimate,2025-10-19 21:49:18.098209
2020,12,Florida,21216924,ACS 5-Year Estimate,2025-10-19 21:49:18.098209
2020,45,South Carolina,5091517,ACS 5-Year Estimate,2025-10-19 21:49:18.098209
2020,38,North Dakota,760394,ACS 5-Year Estimate,2025-10-19 21:49:18.098209
2020,23,Maine,1340825,ACS 5-Year Estimate,2025-10-19 21:49:18.098209
2020,13,Georgia,10516579,ACS 5-Year Estimate,2025-10-19 21:49:18.098209
2020,1,Alabama,4893186,ACS 5-Year Estimate,2025-10-19 21:49:18.098209
2020,33,New Hampshire,1355244,ACS 5-Year Estimate,2025-10-19 21:49:18.098209
2020,41,Oregon,4176346,ACS 5-Year Estimate,2025-10-19 21:49:18.098209
2020,56,Wyoming,581348,ACS 5-Year Estimate,2025-10-19 21:49:18.098209
2020,4,Arizona,7174064,ACS 5-Year Estimate,2025-10-19 21:49:18.098209
2020,22,Louisiana,4664616,ACS 5-Year Estimate,2025-10-19 21:49:18.098209
2020,18,Indiana,6696893,ACS 5-Year Estimate,2025-10-19 21:49:18.098209
2020,16,Idaho,1754367,ACS 5-Year Estimate,2025-10-19 21:49:18.098209
2020,9,Connecticut,3570549,ACS 5-Year Estimate,2025-10-19 21:49:18.098209
2020,15,Hawaii,1420074,ACS 5-Year Estimate,2025-10-19 21:49:18.098209
2020,17,Illinois,12716164,ACS 5-Year Estimate,2025-10-19 21:49:18.098209
2020,25,Massachusetts,6873003,ACS 5-Year Estimate,2025-10-19 21:49:18.098209
2020,48,Texas,28635442,ACS 5-Year Estimate,2025-10-19 21:49:18.098209
2020,30,Montana,1061705,ACS 5-Year Estimate,2025-10-19 21:49:18.098209
2020,31,Nebraska,1923826,ACS 5-Year Estimate,2025-10-19 21:49:18.098209
2020,39,Ohio,11675275,ACS 5-Year Estimate,2025-10-19 21:49:18.098209
2020,8,Colorado,5684926,ACS 5-Year Estimate,2025-10-19 21:49:18.098209
2020,34,New Jersey,8885418,ACS 5-Year Estimate,2025-10-19 21:49:18.098209
2020,24,Maryland,6037624,ACS 5-Year Estimate,2025-10-19 21:49:18.098209
2020,51,Virginia,8509358,ACS 5-Year Estimate,2025-10-19 21:49:18.098209
2020,50,Vermont,624340,ACS 5-Year Estimate,2025-10-19 21:49:18.098209
2020,37,North Carolina,10386227,ACS 5-Year Estimate,2025-10-19 21:49:18.098209
2020,5,Arkansas,3011873,ACS 5-Year Estimate,2025-10-19 21:49:18.098209
2020,53,Washington,7512465,ACS 5-Year Estimate,2025-10-19 21:49:18.098209
2020,20,Kansas,2912619,ACS 5-Year Estimate,2025-10-19 21:49:18.098209
2020,40,Oklahoma,3949342,ACS 5-Year Estimate,2025-10-19 21:49:18.098209
2020,55,Wisconsin,5806975,ACS 5-Year Estimate,2025-10-19 21:49:18.098209
2020,28,Mississippi,2981835,ACS 5-Year Estimate,2025-10-19 21:49:18.098209
2020,29,Missouri,6124160,ACS 5-Year Estimate,2025-10-19 21:49:18.098209
2020,26,Michigan,9973907,ACS 5-Year Estimate,2025-10-19 21:49:18.098209
2020,44,Rhode Island,1057798,ACS 5-Year Estimate,2025-10-19 21:49:18.098209
2020,27,Minnesota,5600166,ACS 5-Year Estimate,2025-10-19 21:49:18.098209
2020,19,Iowa,3150011,ACS 5-Year Estimate,2025-10-19 21:49:18.098209
2020,35,New Mexico,2097021,ACS 5-Year Estimate,2025-10-19 21:49:18.098209
2020,32,Nevada,3030281,ACS 5-Year Estimate,2025-10-19 21:49:18.098209
2020,10,Delaware,967679,ACS 5-Year Estimate,2025-10-19 21:49:18.098209
2020,72,Puerto Rico,3255642,ACS 5-Year Estimate,2025-10-19 21:49:18.098209
2020,21,Kentucky,4461952,ACS 5-Year Estimate,2025-10-19 21:49:18.098209
2020,46,South Dakota,879336,ACS 5-Year Estimate,2025-10-19 21:49:18.098209
2020,47,Tennessee,6772268,ACS 5-Year Estimate,2025-10-19 21:49:18.098209
2021,1,Alabama,4997675,ACS 5-Year Estimate,2025-10-19 21:49:18.831119
2021,2,Alaska,735951,ACS 5-Year Estimate,2025-10-19 21:49:18.831119
2021,4,Arizona,7079203,ACS 5-Year Estimate,2025-10-19 21:49:18.831119
2021,5,Arkansas,3006309,ACS 5-Year Estimate,2025-10-19 21:49:18.831119
2021,6,California,39455353,ACS 5-Year Estimate,2025-10-19 21:49:18.831119
2021,8,Colorado,5723176,ACS 5-Year Estimate,2025-10-19 21:49:18.831119
2021,9,Connecticut,3605330,ACS 5-Year Estimate,2025-10-19 21:49:18.831119
2021,10,Delaware,981892,ACS 5-Year Estimate,2025-10-19 21:49:18.831119
2021,11,District of Columbia,683154,ACS 5-Year Estimate,2025-10-19 21:49:18.831119
2021,12,Florida,21339762,ACS 5-Year Estimate,2025-10-19 21:49:18.831119
2021,13,Georgia,10625615,ACS 5-Year Estimate,2025-10-19 21:49:18.831119
2021,15,Hawaii,1453498,ACS 5-Year Estimate,2025-10-19 21:49:18.831119
2021,16,Idaho,1811617,ACS 5-Year Estimate,2025-10-19 21:49:18.831119
2021,17,Illinois,12821813,ACS 5-Year Estimate,2025-10-19 21:49:18.831119
2021,18,Indiana,6751340,ACS 5-Year Estimate,2025-10-19 21:49:18.831119
2021,19,Iowa,3179090,ACS 5-Year Estimate,2025-10-19 21:49:18.831119
2021,20,Kansas,2932099,ACS 5-Year Estimate,2025-10-19 21:49:18.831119
2021,21,Kentucky,4494141,ACS 5-Year Estimate,2025-10-19 21:49:18.831119
2021,22,Louisiana,4657305,ACS 5-Year Estimate,2025-10-19 21:49:18.831119
2021,23,Maine,1357046,ACS 5-Year Estimate,2025-10-19 21:49:18.831119
2021,24,Maryland,6148545,ACS 5-Year Estimate,2025-10-19 21:49:18.831119
2021,25,Massachusetts,6991852,ACS 5-Year Estimate,2025-10-19 21:49:18.831119
2021,26,Michigan,10062512,ACS 5-Year Estimate,2025-10-19 21:49:18.831119
2021,27,Minnesota,5670472,ACS 5-Year Estimate,2025-10-19 21:49:18.831119
2021,28,Mississippi,2967023,ACS 5-Year Estimate,2025-10-19 21:49:18.831119
2021,29,Missouri,6141534,ACS 5-Year Estimate,2025-10-19 21:49:18.831119
2021,30,Montana,1077978,ACS 5-Year Estimate,2025-10-19 21:49:18.831119
2021,31,Nebraska,1951480,ACS 5-Year Estimate,2025-10-19 21:49:18.831119
2021,32,Nevada,3059238,ACS 5-Year Estimate,2025-10-19 21:49:18.831119
2021,33,New Hampshire,1372175,ACS 5-Year Estimate,2025-10-19 21:49:18.831119
2021,34,New Jersey,9234024,ACS 5-Year Estimate,2025-10-19 21:49:18.831119
2021,35,New Mexico,2109366,ACS 5-Year Estimate,2025-10-19 21:49:18.831119
2021,36,New York,20114745,ACS 5-Year Estimate,2025-10-19 21:49:18.831119
2021,37,North Carolina,10367022,ACS 5-Year Estimate,2025-10-19 21:49:18.831119
2021,38,North Dakota,773344,ACS 5-Year Estimate,2025-10-19 21:49:18.831119
2021,39,Ohio,11769923,ACS 5-Year Estimate,2025-10-19 21:49:18.831119
2021,40,Oklahoma,3948136,ACS 5-Year Estimate,2025-10-19 21:49:18.831119
2021,41,Oregon,4207177,ACS 5-Year Estimate,2025-10-19 21:49:18.831119
2021,42,Pennsylvania,12970650,ACS 5-Year Estimate,2025-10-19 21:49:18.831119
2021,44,Rhode Island,1091949,ACS 5-Year Estimate,2025-10-19 21:49:18.831119
2021,45,South Carolina,5078903,ACS 5-Year Estimate,2025-10-19 21:49:18.831119
2021,46,South Dakota,881785,ACS 5-Year Estimate,2025-10-19 21:49:18.831119
2021,47,Tennessee,6859497,ACS 5-Year Estimate,2025-10-19 21:49:18.831119
2021,48,Texas,28862581,ACS 5-Year Estimate,2025-10-19 21:49:18.831119
2021,49,Utah,3231370,ACS 5-Year Estimate,2025-10-19 21:49:18.831119
2021,50,Vermont,641637,ACS 5-Year Estimate,2025-10-19 21:49:18.831119
2021,51,Virginia,8582479,ACS 5-Year Estimate,2025-10-19 21:49:18.831119
2021,53,Washington,7617364,ACS 5-Year Estimate,2025-10-19 21:49:18.831119
2021,54,West Virginia,1801049,ACS 5-Year Estimate,2025-10-19 21:49:18.831119
2021,55,Wisconsin,5871661,ACS 5-Year Estimate,2025-10-19 21:49:18.831119
2021,56,Wyoming,576641,ACS 5-Year Estimate,2025-10-19 21:49:18.831119
2021,72,Puerto Rico,3311274,ACS 5-Year Estimate,2025-10-19 21:49:18.831119
2022,1,Alabama,5028092,ACS 5-Year Estimate,2025-10-19 21:49:19.548153
2022,2,Alaska,734821,ACS 5-Year Estimate,2025-10-19 21:49:19.548153
2022,4,Arizona,7172282,ACS 5-Year Estimate,2025-10-19 21:49:19.548153
2022,5,Arkansas,3018669,ACS 5-Year Estimate,2025-10-19 21:49:19.548153
2022,6,California,39356104,ACS 5-Year Estimate,2025-10-19 21:49:19.548153
2022,8,Colorado,5770790,ACS 5-Year Estimate,2025-10-19 21:49:19.548153
2022,9,Connecticut,3611317,ACS 5-Year Estimate,2025-10-19 21:49:19.548153
2022,10,Delaware,993635,ACS 5-Year Estimate,2025-10-19 21:49:19.548153
2022,11,District of Columbia,670587,ACS 5-Year Estimate,2025-10-19 21:49:19.548153
2022,12,Florida,21634529,ACS 5-Year Estimate,2025-10-19 21:49:19.548153
2022,13,Georgia,10722325,ACS 5-Year Estimate,2025-10-19 21:49:19.548153
2022,15,Hawaii,1450589,ACS 5-Year Estimate,2025-10-19 21:49:19.548153
2022,16,Idaho,1854109,ACS 5-Year Estimate,2025-10-19 21:49:19.548153
2022,17,Illinois,12757634,ACS 5-Year Estimate,2025-10-19 21:49:19.548153
2022,18,Indiana,6784403,ACS 5-Year Estimate,2025-10-19 21:49:19.548153
2022,19,Iowa,3188836,ACS 5-Year Estimate,2025-10-19 21:49:19.548153
2022,20,Kansas,2935922,ACS 5-Year Estimate,2025-10-19 21:49:19.548153
2022,21,Kentucky,4502935,ACS 5-Year Estimate,2025-10-19 21:49:19.548153
2022,22,Louisiana,4640546,ACS 5-Year Estimate,2025-10-19 21:49:19.548153
2022,23,Maine,1366949,ACS 5-Year Estimate,2025-10-19 21:49:19.548153
2022,24,Maryland,6161707,ACS 5-Year Estimate,2025-10-19 21:49:19.548153
2022,25,Massachusetts,6984205,ACS 5-Year Estimate,2025-10-19 21:49:19.548153
2022,26,Michigan,10057921,ACS 5-Year Estimate,2025-10-19 21:49:19.548153
2022,27,Minnesota,5695292,ACS 5-Year Estimate,2025-10-19 21:49:19.548153
2022,28,Mississippi,2958846,ACS 5-Year Estimate,2025-10-19 21:49:19.548153
2022,29,Missouri,6154422,ACS 5-Year Estimate,2025-10-19 21:49:19.548153
2022,30,Montana,1091840,ACS 5-Year Estimate,2025-10-19 21:49:19.548153
2022,31,Nebraska,1958939,ACS 5-Year Estimate,2025-10-19 21:49:19.548153
2022,32,Nevada,3104817,ACS 5-Year Estimate,2025-10-19 21:49:19.548153
2022,33,New Hampshire,1379610,ACS 5-Year Estimate,2025-10-19 21:49:19.548153
2022,34,New Jersey,9249063,ACS 5-Year Estimate,2025-10-19 21:49:19.548153
2022,35,New Mexico,2112463,ACS 5-Year Estimate,2025-10-19 21:49:19.548153
2022,36,New York,19994379,ACS 5-Year Estimate,2025-10-19 21:49:19.548153
2022,37,North Carolina,10470214,ACS 5-Year Estimate,2025-10-19 21:49:19.548153
2022,38,North Dakota,776874,ACS 5-Year Estimate,2025-10-19 21:49:19.548153
2022,39,Ohio,11774683,ACS 5-Year Estimate,2025-10-19 21:49:19.548153
2022,40,Oklahoma,3970497,ACS 5-Year Estimate,2025-10-19 21:49:19.548153
2022,41,Oregon,4229374,ACS 5-Year Estimate,2025-10-19 21:49:19.548153
2022,42,Pennsylvania,12989208,ACS 5-Year Estimate,2025-10-19 21:49:19.548153
2022,44,Rhode Island,1094250,ACS 5-Year Estimate,2025-10-19 21:49:19.548153
2022,45,South Carolina,5142750,ACS 5-Year Estimate,2025-10-19 21:49:19.548153
2022,46,South Dakota,890342,ACS 5-Year Estimate,2025-10-19 21:49:19.548153
2022,47,Tennessee,6923772,ACS 5-Year Estimate,2025-10-19 21:49:19.548153
2022,48,Texas,29243342,ACS 5-Year Estimate,2025-10-19 21:49:19.548153
2022,49,Utah,3283809,ACS 5-Year Estimate,2025-10-19 21:49:19.548153
2022,50,Vermont,643816,ACS 5-Year Estimate,2025-10-19 21:49:19.548153
2022,51,Virginia,8624511,ACS 5-Year Estimate,2025-10-19 21:49:19.548153
2022,53,Washington,7688549,ACS 5-Year Estimate,2025-10-19 21:49:19.548153
2022,54,West Virginia,1792967,ACS 5-Year Estimate,2025-10-19 21:49:19.548153
2022,55,Wisconsin,5882128,ACS 5-Year Estimate,2025-10-19 21:49:19.548153
2022,56,Wyoming,577929,ACS 5-Year Estimate,2025-10-19 21:49:19.548153
2022,72,Puerto Rico,3272382,ACS 5-Year Estimate,2025-10-19 21:49:19.548153
2023,1,Alabama,5054253,ACS 5-Year Estimate,2025-10-19 21:49:20.264482
2023,2,Alaska,733971,ACS 5-Year Estimate,2025-10-19 21:49:20.264482
2023,4,Arizona,7268175,ACS 5-Year Estimate,2025-10-19 21:49:20.264482
2023,5,Arkansas,3032651,ACS 5-Year Estimate,2025-10-19 21:49:20.264482
2023,6,California,39242785,ACS 5-Year Estimate,2025-10-19 21:49:20.264482
2023,8,Colorado,5810774,ACS 5-Year Estimate,2025-10-19 21:49:20.264482
2023,9,Connecticut,3598348,ACS 5-Year Estimate,2025-10-19 21:49:20.264482
2023,10,Delaware,1005872,ACS 5-Year Estimate,2025-10-19 21:49:20.264482
2023,11,District of Columbia,672079,ACS 5-Year Estimate,2025-10-19 21:49:20.264482
2023,12,Florida,21928881,ACS 5-Year Estimate,2025-10-19 21:49:20.264482
2023,13,Georgia,10822590,ACS 5-Year Estimate,2025-10-19 21:49:20.264482
2023,15,Hawaii,1445635,ACS 5-Year Estimate,2025-10-19 21:49:20.264482
2023,16,Idaho,1893296,ACS 5-Year Estimate,2025-10-19 21:49:20.264482
2023,17,Illinois,12692653,ACS 5-Year Estimate,2025-10-19 21:49:20.264482
2023,18,Indiana,6811752,ACS 5-Year Estimate,2025-10-19 21:49:20.264482
2023,19,Iowa,3195937,ACS 5-Year Estimate,2025-10-19 21:49:20.264482
2023,20,Kansas,2937569,ACS 5-Year Estimate,2025-10-19 21:49:20.264482
2023,21,Kentucky,4510725,ACS 5-Year Estimate,2025-10-19 21:49:20.264482
2023,22,Louisiana,4621025,ACS 5-Year Estimate,2025-10-19 21:49:20.264482
2023,23,Maine,1377400,ACS 5-Year Estimate,2025-10-19 21:49:20.264482
2023,24,Maryland,6170738,ACS 5-Year Estimate,2025-10-19 21:49:20.264482
2023,25,Massachusetts,6992395,ACS 5-Year Estimate,2025-10-19 21:49:20.264482
2023,26,Michigan,10051595,ACS 5-Year Estimate,2025-10-19 21:49:20.264482
2023,27,Minnesota,5713716,ACS 5-Year Estimate,2025-10-19 21:49:20.264482
2023,28,Mississippi,2951438,ACS 5-Year Estimate,2025-10-19 21:49:20.264482
2023,29,Missouri,6168181,ACS 5-Year Estimate,2025-10-19 21:49:20.264482
2023,30,Montana,1105072,ACS 5-Year Estimate,2025-10-19 21:49:20.264482
2023,31,Nebraska,1965926,ACS 5-Year Estimate,2025-10-19 21:49:20.264482
2023,32,Nevada,3141000,ACS 5-Year Estimate,2025-10-19 21:49:20.264482
2023,33,New Hampshire,1387834,ACS 5-Year Estimate,2025-10-19 21:49:20.264482
2023,34,New Jersey,9267014,ACS 5-Year Estimate,2025-10-19 21:49:20.264482
2023,35,New Mexico,2114768,ACS 5-Year Estimate,2025-10-19 21:49:20.264482
2023,36,New York,19872319,ACS 5-Year Estimate,2025-10-19 21:49:20.264482
2023,37,North Carolina,10584340,ACS 5-Year Estimate,2025-10-19 21:49:20.264482
2023,38,North Dakota,779361,ACS 5-Year Estimate,2025-10-19 21:49:20.264482
2023,39,Ohio,11780046,ACS 5-Year Estimate,2025-10-19 21:49:20.264482
2023,40,Oklahoma,3995260,ACS 5-Year Estimate,2025-10-19 21:49:20.264482
2023,41,Oregon,4238714,ACS 5-Year Estimate,2025-10-19 21:49:20.264482
2023,42,Pennsylvania,12986518,ACS 5-Year Estimate,2025-10-19 21:49:20.264482
2023,44,Rhode Island,1095371,ACS 5-Year Estimate,2025-10-19 21:49:20.264482
2023,45,South Carolina,5212774,ACS 5-Year Estimate,2025-10-19 21:49:20.264482
2023,46,South Dakota,899194,ACS 5-Year Estimate,2025-10-19 21:49:20.264482
2023,47,Tennessee,6986082,ACS 5-Year Estimate,2025-10-19 21:49:20.264482
2023,48,Texas,29640343,ACS 5-Year Estimate,2025-10-19 21:49:20.264482
2023,49,Utah,3331187,ACS 5-Year Estimate,2025-10-19 21:49:20.264482
2023,50,Vermont,645254,ACS 5-Year Estimate,2025-10-19 21:49:20.264482
2023,51,Virginia,8657499,ACS 5-Year Estimate,2025-10-19 21:49:20.264482
2023,53,Washington,7740984,ACS 5-Year Estimate,2025-10-19 21:49:20.264482
2023,54,West Virginia,1784462,ACS 5-Year Estimate,2025-10-19 21:49:20.264482
2023,55,Wisconsin,5892023,ACS 5-Year Estimate,2025-10-19 21:49:20.264482
2023,56,Wyoming,579761,ACS 5-Year Estimate,2025-10-19 21:49:20.264482
2023,72,Puerto Rico,3254885,ACS 5-Year Estimate,2025-10-19 21:49:20.264482
