year,state_code,state_name,median_household_income,per_capita_income,unemployment_rate,labor_force_total,employed,unemployed,extracted_at
2011,1,Alabama,42934,23483,9.61,2259707,2027919,215543,2025-10-19 21:49:21.186824
2011,2,Alaska,69014,31944,8.43,384749,336026,30932,2025-10-19 21:49:21.186824
2011,4,Arizona,50752,25784,8.92,3027149,2739077,268363,2025-10-19 21:49:21.186824
2011,5,Arkansas,40149,21833,8.35,1373224,1252276,114100,2025-10-19 21:49:21.186824
2011,6,California,61632,29634,10.12,18618649,16603417,1868871,2025-10-19 21:49:21.186824
2011,8,Colorado,57685,30816,7.59,2710732,2476167,203279,2025-10-19 21:49:21.186824
2011,10,Delaware,59317,29659,7.74,459204,420057,35231,2025-10-19 21:49:21.186824
2011,11,District of Columbia,61835,43993,10.02,337523,300913,33495,2025-10-19 21:49:21.186824
2011,9,Connecticut,69243,37627,8.49,1937088,1764755,163634,2025-10-19 21:49:21.186824
2011,12,Florida,47827,26733,10.3,9264920,8258511,948078,2025-10-19 21:49:21.186824
2011,13,Georgia,49736,25383,9.86,4813601,4288924,469316,2025-10-19 21:49:21.186824
2011,16,Idaho,46890,22788,7.88,763598,699895,59871,2025-10-19 21:49:21.186824
2011,15,Hawaii,67116,29203,6.37,717929,635956,43274,2025-10-19 21:49:21.186824
2011,17,Illinois,56576,29376,9.34,6688329,6043771,622727,2025-10-19 21:49:21.186824
2011,18,Indiana,48393,24497,8.97,3283673,2984502,294244,2025-10-19 21:49:21.186824
2011,19,Iowa,50451,26110,5.51,1647363,1554416,90571,2025-10-19 21:49:21.186824
2011,20,Kansas,50594,26545,6.41,1506400,1393658,95489,2025-10-19 21:49:21.186824
2011,21,Kentucky,42248,23033,8.91,2065869,1865652,182507,2025-10-19 21:49:21.186824
2011,22,Louisiana,44086,23853,8.01,2163213,1974967,172040,2025-10-19 21:49:21.186824
2011,23,Maine,47898,26195,7.13,707618,654300,50266,2025-10-19 21:49:21.186824
2011,24,Maryland,72419,35751,7.26,3166018,2909466,227600,2025-10-19 21:49:21.186824
2011,25,Massachusetts,65981,35051,8.06,3573919,3280503,287476,2025-10-19 21:49:21.186824
2011,26,Michigan,48669,25482,12.25,4913677,4306814,601515,2025-10-19 21:49:21.186824
2011,27,Minnesota,58476,30310,6.87,2939455,2734914,201649,2025-10-19 21:49:21.186824
2011,28,Mississippi,38718,20521,10.02,1358958,1210301,134828,2025-10-19 21:49:21.186824
2011,29,Missouri,47202,25371,8.07,3056406,2790203,244812,2025-10-19 21:49:21.186824
2011,30,Montana,45324,24640,6.4,513196,477082,32646,2025-10-19 21:49:21.186824
2011,31,Nebraska,50695,26113,5.43,1001009,941270,54055,2025-10-19 21:49:21.186824
2011,32,Nevada,55553,27625,10.44,1401953,1246387,145293,2025-10-19 21:49:21.186824
2011,33,New Hampshire,64664,32357,6.29,743342,695066,46668,2025-10-19 21:49:21.186824
2011,34,New Jersey,71180,35678,8.71,4633565,4221383,402751,2025-10-19 21:49:21.186824
2011,35,New Mexico,44631,23537,8.17,974512,886857,78901,2025-10-19 21:49:21.186824
2011,36,New York,56951,31796,8.15,9881672,9051668,803436,2025-10-19 21:49:21.186824
2011,37,North Carolina,46291,25256,9.7,4784984,4241650,455742,2025-10-19 21:49:21.186824
2011,38,North Dakota,49415,27305,3.44,376826,358106,12772,2025-10-19 21:49:21.186824
2011,39,Ohio,48071,25618,9.3,5883960,5326405,545888,2025-10-19 21:49:21.186824
2011,40,Oklahoma,44287,23770,6.49,1823779,1685029,116866,2025-10-19 21:49:21.186824
2011,41,Oregon,49850,26561,9.84,1947759,1753398,191276,2025-10-19 21:49:21.186824
2011,42,Pennsylvania,51651,27824,7.89,6456527,5938507,508654,2025-10-19 21:49:21.186824
2011,44,Rhode Island,55975,29685,8.95,567760,513558,50461,2025-10-19 21:49:21.186824
2011,45,South Carolina,44587,23854,10.21,2262934,1999063,227214,2025-10-19 21:49:21.186824
2011,46,South Dakota,48010,24925,4.82,438039,413552,20958,2025-10-19 21:49:21.186824
2011,47,Tennessee,43989,24197,9.25,3122238,2818005,287097,2025-10-19 21:49:21.186824
2011,48,Texas,50920,25548,7.31,12285284,11288597,890438,2025-10-19 21:49:21.186824
2011,50,Vermont,53422,28376,6.32,351086,328365,22141,2025-10-19 21:49:21.186824
2011,49,Utah,57783,23650,6.53,1345620,1251302,87453,2025-10-19 21:49:21.186824
2011,51,Virginia,63302,33040,6.46,4231576,3843773,265331,2025-10-19 21:49:21.186824
2011,53,Washington,58890,30481,8.36,3474595,3135962,286062,2025-10-19 21:49:21.186824
2011,54,West Virginia,39550,22010,7.54,826469,762595,62164,2025-10-19 21:49:21.186824
2011,55,Wisconsin,52374,27192,7.14,3084116,2859925,219865,2025-10-19 21:49:21.186824
2011,56,Wyoming,56380,28952,4.7,304922,287634,14173,2025-10-19 21:49:21.186824
2011,72,Puerto Rico,19122,10658,17.34,1375100,1135064,238059,2025-10-19 21:49:21.186824
2012,1,Alabama,43160,23587,10.26,2265008,2017887,230778,2025-10-19 21:49:21.901734
2012,2,Alaska,69917,32537,8.42,389890,341115,31369,2025-10-19 21:49:21.901734
2012,4,Arizona,50256,25571,9.77,3049419,2733537,296132,2025-10-19 21:49:21.901734
2012,5,Arkansas,40531,22007,8.56,1377211,1253069,117354,2025-10-19 21:49:21.901734
2012,6,California,61400,29551,11.03,18821426,16614362,2059444,2025-10-19 21:49:21.901734
2012,8,Colorado,58244,31039,8.04,2749557,2498972,218419,2025-10-19 21:49:21.901734
2012,10,Delaware,60119,29733,8.37,464607,422219,38591,2025-10-19 21:49:21.901734
2012,11,District of Columbia,64267,45004,10.51,348010,308602,36228,2025-10-19 21:49:21.901734
2012,9,Connecticut,69519,37807,9.16,1949251,1762707,177706,2025-10-19 21:49:21.901734
2012,12,Florida,47309,26451,11.32,9328439,8220927,1049899,2025-10-19 21:49:21.901734
2012,13,Georgia,49604,25309,10.68,4844814,4277991,511530,2025-10-19 21:49:21.901734
2012,16,Idaho,47015,22581,8.55,767626,698702,65289,2025-10-19 21:49:21.901734
2012,15,Hawaii,67492,29227,6.71,727728,642284,46224,2025-10-19 21:49:21.901734
2012,17,Illinois,56853,29519,9.91,6719976,6035426,663891,2025-10-19 21:49:21.901734
2012,18,Indiana,48374,24558,9.41,3292887,2978847,309363,2025-10-19 21:49:21.901734
2012,19,Iowa,51129,26545,5.56,1651480,1557331,91676,2025-10-19 21:49:21.901734
2012,20,Kansas,51273,26845,6.72,1513938,1395634,100505,2025-10-19 21:49:21.901734
2012,21,Kentucky,42610,23210,9.47,2071789,1859549,194610,2025-10-19 21:49:21.901734
2012,22,Louisiana,44673,24264,8.4,2192304,1993119,182864,2025-10-19 21:49:21.901734
2012,23,Maine,48219,26464,7.44,706163,651335,52318,2025-10-19 21:49:21.901734
2012,24,Maryland,72999,36056,7.78,3199290,2924344,246720,2025-10-19 21:49:21.901734
2012,25,Massachusetts,66658,35485,8.47,3614094,3302990,305515,2025-10-19 21:49:21.901734
2012,26,Michigan,48471,25547,12.59,4889594,4269865,614849,2025-10-19 21:49:21.901734
2012,27,Minnesota,59126,30656,7.03,2955309,2745021,207462,2025-10-19 21:49:21.901734
2012,28,Mississippi,38882,20670,10.62,1361499,1204869,143126,2025-10-19 21:49:21.901734
2012,29,Missouri,47333,25546,8.53,3062560,2781791,259574,2025-10-19 21:49:21.901734
2012,30,Montana,45456,25002,6.92,517348,478254,35541,2025-10-19 21:49:21.901734
2012,31,Nebraska,51381,26523,5.58,1008534,946986,55912,2025-10-19 21:49:21.901734
2012,32,Nevada,54083,27003,11.85,1414374,1237659,166416,2025-10-19 21:49:21.901734
2012,33,New Hampshire,64925,32758,6.58,745330,694736,48926,2025-10-19 21:49:21.901734
2012,34,New Jersey,71637,35928,9.51,4672338,4219677,443328,2025-10-19 21:49:21.901734
2012,35,New Mexico,44886,23749,9.09,979619,882461,88267,2025-10-19 21:49:21.901734
2012,36,New York,57683,32104,8.75,9969586,9073362,869729,2025-10-19 21:49:21.901734
2012,37,North Carolina,46450,25285,10.49,4832418,4246096,497589,2025-10-19 21:49:21.901734
2012,38,North Dakota,51641,28700,3.37,383089,364782,12709,2025-10-19 21:49:21.901734
2012,39,Ohio,48246,25857,9.7,5880517,5300141,569218,2025-10-19 21:49:21.901734
2012,40,Oklahoma,44891,24046,6.77,1834109,1689965,122629,2025-10-19 21:49:21.901734
2012,41,Oregon,50036,26702,10.77,1957085,1743524,210379,2025-10-19 21:49:21.901734
2012,42,Pennsylvania,52267,28190,8.47,6487488,5930125,548580,2025-10-19 21:49:21.901734
2012,44,Rhode Island,56102,30005,9.54,568800,511323,53904,2025-10-19 21:49:21.901734
2012,45,South Carolina,44623,23906,11.09,2280559,1995222,248835,2025-10-19 21:49:21.901734
2012,46,South Dakota,49091,25570,4.95,441775,416687,21687,2025-10-19 21:49:21.901734
2012,47,Tennessee,44140,24294,9.76,3137286,2815491,304598,2025-10-19 21:49:21.901734
2012,48,Texas,51563,25809,7.74,12507191,11440956,960408,2025-10-19 21:49:21.901734
2012,50,Vermont,54168,28846,6.54,350996,327499,22911,2025-10-19 21:49:21.901734
2012,49,Utah,58164,23794,7.09,1368252,1265221,96504,2025-10-19 21:49:21.901734
2012,51,Virginia,63636,33326,6.91,4276515,3867416,286994,2025-10-19 21:49:21.901734
2012,53,Washington,59374,30661,8.93,3511749,3150493,309049,2025-10-19 21:49:21.901734
2012,54,West Virginia,40400,22482,7.88,827489,760812,65115,2025-10-19 21:49:21.901734
2012,55,Wisconsin,52627,27426,7.47,3090671,2856318,230456,2025-10-19 21:49:21.901734
2012,56,Wyoming,56573,28858,5.1,307324,288847,15537,2025-10-19 21:49:21.901734
2012,72,Puerto Rico,19515,10850,17.76,1365560,1121428,242218,2025-10-19 21:49:21.901734
2013,1,Alabama,43253,23680,10.78,2259344,2002163,241930,2025-10-19 21:49:22.619610
2013,2,Alaska,70760,32651,8.75,393037,343366,32939,2025-10-19 21:49:22.619610
2013,4,Arizona,49774,25358,10.41,3056508,2721866,316360,2025-10-19 21:49:22.619610
2013,5,Arkansas,40768,22170,8.87,1372975,1245432,121235,2025-10-19 21:49:22.619610
2013,6,California,61094,29527,11.53,18946244,16635854,2168665,2025-10-19 21:49:22.619610
2013,8,Colorado,58433,31109,8.45,2774490,2509777,231741,2025-10-19 21:49:22.619610
2013,10,Delaware,59878,29819,8.9,466696,422009,41207,2025-10-19 21:49:22.619610
2013,11,District of Columbia,65830,45290,11.01,357458,315177,38994,2025-10-19 21:49:22.619610
2013,9,Connecticut,69461,37892,9.78,1958723,1759412,190709,2025-10-19 21:49:22.619610
2013,12,Florida,46956,26236,11.79,9355809,8202636,1096028,2025-10-19 21:49:22.619610
2013,13,Georgia,49179,25182,11.35,4852644,4254879,544802,2025-10-19 21:49:22.619610
2013,16,Idaho,46767,22568,8.8,766649,696190,67189,2025-10-19 21:49:22.619610
2013,15,Hawaii,67402,29305,7.08,728795,640072,48748,2025-10-19 21:49:22.619610
2013,17,Illinois,56797,29666,10.46,6718236,5998320,700616,2025-10-19 21:49:22.619610
2013,18,Indiana,48248,24635,9.62,3283407,2963879,315476,2025-10-19 21:49:22.619610
2013,19,Iowa,51843,27027,5.76,1650140,1553030,94913,2025-10-19 21:49:22.619610
2013,20,Kansas,51332,26929,7.0,1509187,1387071,104341,2025-10-19 21:49:22.619610
2013,21,Kentucky,43036,23462,9.81,2076555,1857767,201987,2025-10-19 21:49:22.619610
2013,22,Louisiana,44874,24442,8.78,2203325,1995378,192166,2025-10-19 21:49:22.619610
2013,23,Maine,48453,26824,7.68,703066,647099,53866,2025-10-19 21:49:22.619610
2013,24,Maryland,73538,36354,8.18,3214633,2926198,260567,2025-10-19 21:49:22.619610
2013,25,Massachusetts,66866,35763,8.89,3636347,3308547,322730,2025-10-19 21:49:22.619610
2013,26,Michigan,48411,25681,12.69,4864014,4242948,616469,2025-10-19 21:49:22.619610
2013,27,Minnesota,59836,30913,7.12,2961476,2748174,210815,2025-10-19 21:49:22.619610
2013,28,Mississippi,39031,20618,11.1,1355687,1194436,149148,2025-10-19 21:49:22.619610
2013,29,Missouri,47380,25649,8.81,3059214,2770617,267644,2025-10-19 21:49:22.619610
2013,30,Montana,46230,25373,7.32,518296,477015,37702,2025-10-19 21:49:22.619610
2013,31,Nebraska,51672,26899,5.72,1011281,948701,57525,2025-10-19 21:49:22.619610
2013,32,Nevada,52800,26589,12.47,1414220,1229604,175142,2025-10-19 21:49:22.619610
2013,33,New Hampshire,64916,33134,6.96,743855,690769,51670,2025-10-19 21:49:22.619610
2013,34,New Jersey,71629,36027,10.11,4677666,4197483,472094,2025-10-19 21:49:22.619610
2013,35,New Mexico,44927,23763,9.69,979565,876823,94111,2025-10-19 21:49:22.619610
2013,36,New York,58003,32382,9.23,10009187,9062757,921607,2025-10-19 21:49:22.619610
2013,37,North Carolina,46334,25284,11.07,4850140,4234977,527430,2025-10-19 21:49:22.619610
2013,38,North Dakota,53741,29732,3.28,389669,371612,12617,2025-10-19 21:49:22.619610
2013,39,Ohio,48308,26046,9.97,5859516,5266386,582953,2025-10-19 21:49:22.619610
2013,40,Oklahoma,45339,24208,7.05,1834366,1686404,127842,2025-10-19 21:49:22.619610
2013,41,Oregon,50229,26809,11.3,1961287,1736894,221191,2025-10-19 21:49:22.619610
2013,42,Pennsylvania,52548,28502,8.95,6503761,5914876,581533,2025-10-19 21:49:22.619610
2013,44,Rhode Island,56361,30469,9.92,569175,509865,56125,2025-10-19 21:49:22.619610
2013,45,South Carolina,44779,23943,11.43,2295655,2003023,258444,2025-10-19 21:49:22.619610
2013,46,South Dakota,49495,25740,5.04,444211,418991,22250,2025-10-19 21:49:22.619610
2013,47,Tennessee,44298,24409,10.14,3140665,2806948,316682,2025-10-19 21:49:22.619610
2013,48,Texas,51900,26019,8.1,12691031,11569041,1020132,2025-10-19 21:49:22.619610
2013,50,Vermont,54267,29167,6.77,348495,324350,23546,2025-10-19 21:49:22.619610
2013,49,Utah,58821,23873,7.37,1382365,1275709,101449,2025-10-19 21:49:22.619610
2013,51,Virginia,63907,33493,7.24,4303611,3885351,303129,2025-10-19 21:49:22.619610
2013,53,Washington,59478,30742,9.41,3526776,3149730,327155,2025-10-19 21:49:22.619610
2013,54,West Virginia,41043,22966,8.41,826225,755632,69351,2025-10-19 21:49:22.619610
2013,55,Wisconsin,52413,27523,7.78,3082381,2839636,239464,2025-10-19 21:49:22.619610
2013,56,Wyoming,57406,28902,5.47,309519,289823,16760,2025-10-19 21:49:22.619610
2013,72,Puerto Rico,19624,11068,18.4,1348444,1099138,247824,2025-10-19 21:49:22.619610
2014,1,Alabama,43511,23936,10.21,2253005,2010453,228716,2025-10-19 21:49:23.337401
2014,2,Alaska,71829,33129,8.44,396856,347983,32097,2025-10-19 21:49:23.337401
2014,4,Arizona,49928,25537,9.94,3076534,2754982,304067,2025-10-19 21:49:23.337401
2014,5,Arkansas,41264,22595,8.42,1372077,1251717,115090,2025-10-19 21:49:23.337401
2014,6,California,61489,29906,10.99,19108876,16890442,2084564,2025-10-19 21:49:23.337401
2014,8,Colorado,59448,31674,7.89,2811701,2560703,219241,2025-10-19 21:49:23.337401
2014,10,Delaware,60231,30191,8.55,469071,426103,39819,2025-10-19 21:49:23.337401
2014,11,District of Columbia,69235,46502,10.57,367510,325838,38496,2025-10-19 21:49:23.337401
2014,9,Connecticut,69899,38480,9.55,1962119,1766934,186587,2025-10-19 21:49:23.337401
2014,12,Florida,47212,26499,10.95,9415088,8335023,1024905,2025-10-19 21:49:23.337401
2014,13,Georgia,49342,25427,10.78,4868842,4300074,519291,2025-10-19 21:49:23.337401
2014,16,Idaho,47334,23087,8.08,768276,703410,61837,2025-10-19 21:49:23.337401
2014,15,Hawaii,68201,29552,6.69,731400,645571,46285,2025-10-19 21:49:23.337401
2014,17,Illinois,57166,30019,9.99,6718857,6032031,669561,2025-10-19 21:49:23.337401
2014,18,Indiana,48737,24953,8.84,3288362,2994736,290469,2025-10-19 21:49:23.337401
2014,19,Iowa,52716,27621,5.41,1653714,1562492,89414,2025-10-19 21:49:23.337401
2014,20,Kansas,51872,27367,6.57,1507003,1391836,97951,2025-10-19 21:49:23.337401
2014,21,Kentucky,43342,23741,9.35,2079258,1870879,192877,2025-10-19 21:49:23.337401
2014,22,Louisiana,44991,24775,8.65,2206928,2002410,189644,2025-10-19 21:49:23.337401
2014,23,Maine,48804,27332,7.44,700142,646438,51931,2025-10-19 21:49:23.337401
2014,24,Maryland,74149,36670,8.04,3233680,2949440,257918,2025-10-19 21:49:23.337401
2014,25,Massachusetts,67846,36441,8.44,3667612,3354036,309050,2025-10-19 21:49:23.337401
2014,26,Michigan,49087,26143,11.44,4852108,4293574,554747,2025-10-19 21:49:23.337401
2014,27,Minnesota,60828,31642,6.46,2976014,2781933,192010,2025-10-19 21:49:23.337401
2014,28,Mississippi,39464,20956,10.94,1356974,1198828,147210,2025-10-19 21:49:23.337401
2014,29,Missouri,47764,26006,8.39,3054519,2779991,254534,2025-10-19 21:49:23.337401
2014,30,Montana,46766,25977,6.83,519814,481119,35284,2025-10-19 21:49:23.337401
2014,31,Nebraska,52400,27339,5.41,1016841,957508,54785,2025-10-19 21:49:23.337401
2014,32,Nevada,52205,26515,11.81,1415924,1240614,166167,2025-10-19 21:49:23.337401
2014,33,New Hampshire,65986,33821,6.48,742731,693329,48029,2025-10-19 21:49:23.337401
2014,34,New Jersey,72062,36359,9.66,4695156,4235089,453097,2025-10-19 21:49:23.337401
2014,35,New Mexico,44968,23948,9.61,977579,875947,93106,2025-10-19 21:49:23.337401
2014,36,New York,58687,32829,8.9,10054448,9137540,893092,2025-10-19 21:49:23.337401
2014,37,North Carolina,46693,25608,10.55,4879118,4287690,505668,2025-10-19 21:49:23.337401
2014,38,North Dakota,55579,30894,3.11,397250,379972,12213,2025-10-19 21:49:23.337401
2014,39,Ohio,48849,26520,9.19,5848381,5303013,536573,2025-10-19 21:49:23.337401
2014,40,Oklahoma,46235,24695,6.84,1843140,1699610,124804,2025-10-19 21:49:23.337401
2014,41,Oregon,50521,27173,10.53,1961375,1752414,206222,2025-10-19 21:49:23.337401
2014,42,Pennsylvania,53115,28912,8.56,6508402,5946480,556468,2025-10-19 21:49:23.337401
2014,44,Rhode Island,56423,30765,9.51,568439,511362,53761,2025-10-19 21:49:23.337401
2014,45,South Carolina,45033,24222,10.65,2306384,2031997,242145,2025-10-19 21:49:23.337401
2014,46,South Dakota,50338,26311,4.78,450131,425816,21364,2025-10-19 21:49:23.337401
2014,47,Tennessee,44621,24811,9.47,3149077,2835895,296819,2025-10-19 21:49:23.337401
2014,48,Texas,52576,26513,7.68,12889163,11809010,982580,2025-10-19 21:49:23.337401
2014,50,Vermont,54447,29535,6.24,347486,325336,21643,2025-10-19 21:49:23.337401
2014,49,Utah,59846,24312,6.86,1399952,1299818,95738,2025-10-19 21:49:23.337401
2014,51,Virginia,64792,33958,6.93,4338606,3936638,293310,2025-10-19 21:49:23.337401
2014,53,Washington,60294,31233,8.82,3551870,3194382,308955,2025-10-19 21:49:23.337401
2014,54,West Virginia,41576,23237,8.17,821389,753227,67035,2025-10-19 21:49:23.337401
2014,55,Wisconsin,52738,27907,7.21,3076311,2852018,221662,2025-10-19 21:49:23.337401
2014,56,Wyoming,58252,29381,5.19,310018,291552,15950,2025-10-19 21:49:23.337401
2014,72,Puerto Rico,19686,11331,18.34,1325326,1081146,242808,2025-10-19 21:49:23.337401
2015,28,Mississippi,39665,21057,10.31,1352993,1203914,138445,2025-10-19 21:49:24.040073
2015,29,Missouri,48173,26259,7.47,3053938,2807996,226528,2025-10-19 21:49:24.040073
2015,30,Montana,47169,26381,6.25,521330,485446,32361,2025-10-19 21:49:24.040073
2015,31,Nebraska,52997,27882,4.69,1020419,968134,47602,2025-10-19 21:49:24.040073
2015,32,Nevada,51847,26541,10.49,1424596,1267312,148467,2025-10-19 21:49:24.040073
2015,33,New Hampshire,66779,34362,5.76,742874,698810,42733,2025-10-19 21:49:24.040073
2015,34,New Jersey,72093,36582,8.8,4702508,4281760,413343,2025-10-19 21:49:24.040073
2015,35,New Mexico,44963,24012,9.22,973891,876035,88924,2025-10-19 21:49:24.040073
2015,36,New York,59269,33236,8.22,10107278,9254578,829141,2025-10-19 21:49:24.040073
2015,37,North Carolina,46868,25920,9.39,4909108,4372773,453420,2025-10-19 21:49:24.040073
2015,38,North Dakota,57181,32035,2.87,404820,387716,11464,2025-10-19 21:49:24.040073
2015,39,Ohio,49429,26953,8.17,5852224,5366673,477251,2025-10-19 21:49:24.040073
2015,40,Oklahoma,46879,25032,6.32,1854061,1719541,115978,2025-10-19 21:49:24.040073
2015,41,Oregon,51243,27684,9.32,1976314,1789807,184016,2025-10-19 21:49:24.040073
2015,42,Pennsylvania,53599,29291,7.9,6521759,6001889,514993,2025-10-19 21:49:24.040073
2015,44,Rhode Island,56852,31118,8.55,569623,518170,48418,2025-10-19 21:49:24.040073
2015,45,South Carolina,45483,24604,9.51,2323906,2075274,217977,2025-10-19 21:49:24.040073
2015,46,South Dakota,50957,26747,4.48,453990,430853,20220,2025-10-19 21:49:24.040073
2015,47,Tennessee,45219,25227,8.44,3172519,2888742,266297,2025-10-19 21:49:24.040073
2015,48,Texas,53207,26999,7.01,13101788,12094262,912068,2025-10-19 21:49:24.040073
2015,50,Vermont,55176,29894,5.48,346162,326732,18957,2025-10-19 21:49:24.040073
2015,49,Utah,60727,24686,5.77,1423700,1337646,81870,2025-10-19 21:49:24.040073
2015,51,Virginia,65015,34152,6.47,4376786,3990770,276030,2025-10-19 21:49:24.040073
2015,53,Washington,61062,31762,7.85,3586261,3259877,277806,2025-10-19 21:49:24.040073
2015,54,West Virginia,41751,23450,7.78,815405,751252,63341,2025-10-19 21:49:24.040073
2015,55,Wisconsin,53357,28340,6.3,3079657,2883390,193763,2025-10-19 21:49:24.040073
2015,56,Wyoming,58840,29803,4.86,311371,293949,15002,2025-10-19 21:49:24.040073
2015,72,Puerto Rico,19350,11394,18.15,1300388,1063350,235772,2025-10-19 21:49:24.040073
2015,1,Alabama,43623,24091,9.29,2242401,2022325,207097,2025-10-19 21:49:24.040073
2015,2,Alaska,72515,33413,8.18,399077,351108,31285,2025-10-19 21:49:24.040073
2015,4,Arizona,50255,25848,8.93,3106324,2813406,275712,2025-10-19 21:49:24.040073
2015,5,Arkansas,41371,22798,7.71,1365791,1256081,104943,2025-10-19 21:49:24.040073
2015,6,California,61818,30318,9.88,19269449,17246360,1891081,2025-10-19 21:49:24.040073
2015,8,Colorado,60629,32217,6.94,2852439,2624436,195578,2025-10-19 21:49:24.040073
2015,10,Delaware,60509,30554,7.71,473007,433816,36223,2025-10-19 21:49:24.040073
2015,11,District of Columbia,70848,47675,9.58,377072,337815,35811,2025-10-19 21:49:24.040073
2015,9,Connecticut,70331,38803,8.82,1962170,1781417,172292,2025-10-19 21:49:24.040073
2015,12,Florida,47507,26829,9.69,9510681,8541291,915976,2025-10-19 21:49:24.040073
2015,13,Georgia,49620,25737,9.65,4906258,4388274,468932,2025-10-19 21:49:24.040073
2015,16,Idaho,47583,23399,7.17,774526,715861,55312,2025-10-19 21:49:24.040073
2015,15,Hawaii,69515,29822,6.08,736939,653284,42288,2025-10-19 21:49:24.040073
2015,17,Illinois,57574,30494,9.09,6712162,6086226,608516,2025-10-19 21:49:24.040073
2015,18,Indiana,49255,25346,7.85,3300531,3038762,258739,2025-10-19 21:49:24.040073
2015,19,Iowa,53183,27950,4.94,1656968,1573510,81735,2025-10-19 21:49:24.040073
2015,20,Kansas,52205,27706,5.94,1507080,1401197,88454,2025-10-19 21:49:24.040073
2015,21,Kentucky,43740,24063,8.44,2080437,1891381,174308,2025-10-19 21:49:24.040073
2015,22,Louisiana,45047,24981,8.12,2208869,2016049,178150,2025-10-19 21:49:24.040073
2015,23,Maine,49331,27655,6.82,697913,648687,47497,2025-10-19 21:49:24.040073
2015,24,Maryland,74551,36897,7.4,3241222,2976504,238027,2025-10-19 21:49:24.040073
2015,25,Massachusetts,68563,36895,7.58,3700701,3415975,280164,2025-10-19 21:49:24.040073
2015,26,Michigan,49576,26607,9.85,4855005,4373518,477746,2025-10-19 21:49:24.040073
2015,27,Minnesota,61492,32157,5.6,2996985,2827195,167764,2025-10-19 21:49:24.040073
2016,28,Mississippi,40528,21651,9.6,1351797,1212650,128840,2025-10-19 21:49:24.770758
2016,29,Missouri,49593,27044,6.59,3055025,2835183,200143,2025-10-19 21:49:24.770758
2016,30,Montana,48380,27309,5.65,523599,490742,29382,2025-10-19 21:49:24.770758
2016,31,Nebraska,54384,28596,4.17,1024737,977353,42544,2025-10-19 21:49:24.770758
2016,32,Nevada,53094,27253,9.3,1443621,1302162,133525,2025-10-19 21:49:24.770758
2016,33,New Hampshire,68485,35264,5.07,746203,706801,37727,2025-10-19 21:49:24.770758
2016,34,New Jersey,73702,37538,7.86,4699613,4322619,368870,2025-10-19 21:49:24.770758
2016,35,New Mexico,45674,24459,8.48,966377,876210,81175,2025-10-19 21:49:24.770758
2016,36,New York,60741,34212,7.52,10123078,9340878,759224,2025-10-19 21:49:24.770758
2016,37,North Carolina,48256,26779,8.32,4948265,4460824,404584,2025-10-19 21:49:24.770758
2016,38,North Dakota,59114,33107,2.77,412931,395584,11250,2025-10-19 21:49:24.770758
2016,39,Ohio,50674,27800,7.25,5857720,5425647,423956,2025-10-19 21:49:24.770758
2016,40,Oklahoma,48038,25628,5.97,1861235,1733000,110120,2025-10-19 21:49:24.770758
2016,41,Oregon,53270,28822,8.07,1995937,1832620,160797,2025-10-19 21:49:24.770758
2016,42,Pennsylvania,54895,30137,7.19,6516915,6043693,468440,2025-10-19 21:49:24.770758
2016,44,Rhode Island,58387,31904,7.73,567285,520482,43600,2025-10-19 21:49:24.770758
2016,45,South Carolina,46898,25521,8.37,2354372,2129323,194454,2025-10-19 21:49:24.770758
2016,46,South Dakota,52078,27516,4.11,455936,434693,18636,2025-10-19 21:49:24.770758
2016,47,Tennessee,46574,26019,7.51,3193436,2937131,238372,2025-10-19 21:49:24.770758
2016,48,Texas,54727,27828,6.42,13312277,12371392,848131,2025-10-19 21:49:24.770758
2016,50,Vermont,56104,30663,4.96,344730,327237,17087,2025-10-19 21:49:24.770758
2016,49,Utah,62518,25600,5.05,1451339,1374146,73114,2025-10-19 21:49:24.770758
2016,51,Virginia,66149,34967,5.95,4403124,4036456,255340,2025-10-19 21:49:24.770758
2016,53,Washington,62848,32999,6.84,3623304,3331321,244692,2025-10-19 21:49:24.770758
2016,54,West Virginia,42644,24002,7.54,812480,750412,61215,2025-10-19 21:49:24.770758
2016,55,Wisconsin,54610,29253,5.5,3082186,2910339,169426,2025-10-19 21:49:24.770758
2016,56,Wyoming,59143,30139,4.9,311104,293598,15118,2025-10-19 21:49:24.770758
2016,72,Puerto Rico,19606,11688,17.7,1283190,1055106,226880,2025-10-19 21:49:24.770758
2016,1,Alabama,44758,24736,8.29,2238654,2042025,184479,2025-10-19 21:49:24.770758
2016,2,Alaska,74444,34191,7.85,400475,353954,30139,2025-10-19 21:49:24.770758
2016,4,Arizona,51340,26686,7.99,3146717,2879372,249972,2025-10-19 21:49:24.770758
2016,5,Arkansas,42336,23401,6.85,1364187,1266552,93190,2025-10-19 21:49:24.770758
2016,6,California,63783,31458,8.74,19391320,17577142,1683726,2025-10-19 21:49:24.770758
2016,8,Colorado,62520,33230,5.99,2897359,2692529,171695,2025-10-19 21:49:24.770758
2016,10,Delaware,61017,31118,7.13,474821,438292,33669,2025-10-19 21:49:24.770758
2016,11,District of Columbia,72935,48781,8.73,385056,348225,33326,2025-10-19 21:49:24.770758
2016,9,Connecticut,71755,39906,7.95,1957060,1793688,155005,2025-10-19 21:49:24.770758
2016,12,Florida,48900,27598,8.39,9613594,8755427,802016,2025-10-19 21:49:24.770758
2016,13,Georgia,51037,26678,8.54,4957087,4489112,419113,2025-10-19 21:49:24.770758
2016,16,Idaho,49174,24280,6.21,783014,731170,48385,2025-10-19 21:49:24.770758
2016,15,Hawaii,71977,30970,5.51,742161,664616,38768,2025-10-19 21:49:24.770758
2016,17,Illinois,59196,31502,8.17,6697000,6134121,545635,2025-10-19 21:49:24.770758
2016,18,Indiana,50433,26117,6.91,3316952,3085179,228929,2025-10-19 21:49:24.770758
2016,19,Iowa,54570,28872,4.53,1664170,1587178,75289,2025-10-19 21:49:24.770758
2016,20,Kansas,53571,28478,5.31,1505247,1408918,79000,2025-10-19 21:49:24.770758
2016,21,Kentucky,44811,24802,7.56,2085433,1914189,156509,2025-10-19 21:49:24.770758
2016,22,Louisiana,45652,25515,7.67,2209139,2025728,168326,2025-10-19 21:49:24.770758
2016,23,Maine,50826,28473,5.99,696028,652638,41620,2025-10-19 21:49:24.770758
2016,24,Maryland,76067,37756,6.71,3249911,3005753,216086,2025-10-19 21:49:24.770758
2016,25,Massachusetts,70954,38069,6.78,3725838,3468864,252347,2025-10-19 21:49:24.770758
2016,26,Michigan,50803,27549,8.49,4866369,4449717,412934,2025-10-19 21:49:24.770758
2016,27,Minnesota,63217,33225,4.85,3012522,2864441,145853,2025-10-19 21:49:24.770758
2017,28,Mississippi,42009,22500,8.79,1349864,1221828,117786,2025-10-19 21:49:25.589776
2017,29,Missouri,51542,28282,5.78,3062657,2867393,175919,2025-10-19 21:49:25.589776
2017,30,Montana,50801,28706,4.79,526388,497995,25076,2025-10-19 21:49:25.589776
2017,31,Nebraska,56675,29866,3.79,1031005,987216,38881,2025-10-19 21:49:25.589776
2017,32,Nevada,55434,28450,7.98,1465320,1341358,116285,2025-10-19 21:49:25.589776
2017,33,New Hampshire,71305,36914,4.49,748779,713424,33566,2025-10-19 21:49:25.589776
2017,34,New Jersey,76475,39069,6.96,4724242,4388024,328167,2025-10-19 21:49:25.589776
2017,35,New Mexico,46718,25257,7.74,962123,879201,73710,2025-10-19 21:49:25.589776
2017,1,Alabama,46472,25746,7.45,2233209,2055509,165391,2025-10-19 21:49:25.589776
2017,2,Alaska,76114,35065,7.7,400622,354045,29548,2025-10-19 21:49:25.589776
2017,4,Arizona,53510,27964,7.1,3197116,2953891,225911,2025-10-19 21:49:25.589776
2017,5,Arkansas,43813,24426,6.25,1366102,1276536,85128,2025-10-19 21:49:25.589776
2017,6,California,67169,33128,7.65,19612777,17993915,1491146,2025-10-19 21:49:25.589776
2017,36,New York,62765,35752,6.75,10176202,9467631,685368,2025-10-19 21:49:25.589776
2017,37,North Carolina,50320,28123,7.16,5019831,4571020,352287,2025-10-19 21:49:25.589776
2017,38,North Dakota,61285,34256,2.69,417893,400454,11085,2025-10-19 21:49:25.589776
2017,39,Ohio,52407,29011,6.46,5875255,5488180,378735,2025-10-19 21:49:25.589776
2017,40,Oklahoma,49767,26461,5.69,1869043,1746419,105375,2025-10-19 21:49:25.589776
2017,41,Oregon,56119,30410,6.82,2026747,1885983,138139,2025-10-19 21:49:25.589776
2017,42,Pennsylvania,56951,31476,6.47,6523666,6096977,422016,2025-10-19 21:49:25.589776
2017,44,Rhode Island,61043,33315,6.84,568020,526071,38634,2025-10-19 21:49:25.589776
2017,45,South Carolina,48781,26645,7.24,2381900,2181046,170257,2025-10-19 21:49:25.589776
2017,46,South Dakota,54126,28761,3.74,458023,438339,17018,2025-10-19 21:49:25.589776
2017,47,Tennessee,48708,27277,6.57,3225549,2996610,210756,2025-10-19 21:49:25.589776
2017,48,Texas,57051,28985,5.83,13565038,12689069,784888,2025-10-19 21:49:25.589776
2017,50,Vermont,57808,31917,4.37,342645,327264,14969,2025-10-19 21:49:25.589776
2017,49,Utah,65325,26907,4.36,1480657,1412214,64314,2025-10-19 21:49:25.589776
2017,51,Virginia,68766,36268,5.48,4431500,4084035,236648,2025-10-19 21:49:25.589776
2017,53,Washington,66174,34869,6.02,3685819,3418123,218821,2025-10-19 21:49:25.589776
2017,54,West Virginia,44061,24774,7.17,805727,746958,57659,2025-10-19 21:49:25.589776
2017,55,Wisconsin,56759,30557,4.71,3087719,2939880,145271,2025-10-19 21:49:25.589776
2017,56,Wyoming,60938,31214,4.69,310748,293633,14459,2025-10-19 21:49:25.589776
2017,72,Puerto Rico,19775,12081,17.5,1262220,1040136,220597,2025-10-19 21:49:25.589776
2017,10,Delaware,63036,32625,6.41,474774,441513,30245,2025-10-19 21:49:25.589776
2017,11,District of Columbia,77649,50832,8.04,392421,357701,31279,2025-10-19 21:49:25.589776
2017,9,Connecticut,73781,41365,7.23,1954364,1805086,140712,2025-10-19 21:49:25.589776
2017,12,Florida,50883,28774,7.19,9772762,9018570,699117,2025-10-19 21:49:25.589776
2017,13,Georgia,52977,28015,7.48,5026306,4606329,372581,2025-10-19 21:49:25.589776
2017,16,Idaho,50985,25471,5.35,794662,748658,42328,2025-10-19 21:49:25.589776
2017,15,Hawaii,74923,32511,4.87,746440,671758,34380,2025-10-19 21:49:25.589776
2017,17,Illinois,61229,32924,7.36,6690195,6181653,491310,2025-10-19 21:49:25.589776
2017,18,Indiana,52182,27305,6.08,3329372,3124295,202199,2025-10-19 21:49:25.589776
2017,19,Iowa,56570,30063,4.14,1670448,1599718,69018,2025-10-19 21:49:25.589776
2017,20,Kansas,55477,29600,4.76,1509484,1420045,71009,2025-10-19 21:49:25.589776
2017,21,Kentucky,46535,25888,6.77,2093572,1938150,140717,2025-10-19 21:49:25.589776
2017,22,Louisiana,46710,26205,7.18,2204055,2031238,157186,2025-10-19 21:49:25.589776
2017,23,Maine,53024,29886,5.29,697342,658693,36790,2025-10-19 21:49:25.589776
2017,24,Maryland,78916,39070,6.12,3267069,3040792,198375,2025-10-19 21:49:25.589776
2017,25,Massachusetts,74167,39913,6.0,3755481,3525672,224856,2025-10-19 21:49:25.589776
2017,26,Michigan,52668,28938,7.4,4890342,4524874,361624,2025-10-19 21:49:25.589776
2017,27,Minnesota,65699,34712,4.3,3036696,2904103,130510,2025-10-19 21:49:25.589776
2017,8,Colorado,65458,34845,5.25,2946354,2760076,152856,2025-10-19 21:49:25.589776
2018,28,Mississippi,43567,23434,8.22,1349340,1228537,110036,2025-10-19 21:49:26.305437
2018,29,Missouri,53560,29537,5.12,3062496,2888094,155958,2025-10-19 21:49:26.305437
2018,30,Montana,52559,29765,4.24,532854,507249,22433,2025-10-19 21:49:26.305437
2018,31,Nebraska,59116,31101,3.55,1035610,993836,36545,2025-10-19 21:49:26.305437
2018,32,Nevada,57598,29961,6.91,1480282,1370603,101748,2025-10-19 21:49:26.305437
2018,33,New Hampshire,74057,38548,4.03,756239,724017,30392,2025-10-19 21:49:26.305437
2018,34,New Jersey,79363,40895,6.1,4684112,4390602,285084,2025-10-19 21:49:26.305437
2018,35,New Mexico,48059,26085,7.19,960566,882735,68370,2025-10-19 21:49:26.305437
2018,36,New York,65323,37470,6.0,10070138,9445023,602636,2025-10-19 21:49:26.305437
2018,37,North Carolina,52413,29456,6.28,5071505,4665822,312610,2025-10-19 21:49:26.305437
2018,38,North Dakota,63473,35373,2.83,418604,400841,11689,2025-10-19 21:49:26.305437
2018,39,Ohio,54533,30304,5.82,5901307,5549577,343232,2025-10-19 21:49:26.305437
2018,40,Oklahoma,51424,27432,5.33,1878306,1761328,99087,2025-10-19 21:49:26.305437
2018,41,Oregon,59393,32045,6.0,2061035,1934643,123485,2025-10-19 21:49:26.305437
2018,42,Pennsylvania,59445,32889,5.81,6536846,6151998,379765,2025-10-19 21:49:26.305437
2018,44,Rhode Island,63296,34619,6.13,565997,527972,34479,2025-10-19 21:49:26.305437
2018,45,South Carolina,51015,27986,6.44,2411983,2227307,153242,2025-10-19 21:49:26.305437
2018,46,South Dakota,56499,29801,3.54,461750,442773,16252,2025-10-19 21:49:26.305437
2018,47,Tennessee,50972,28511,5.91,3257398,3047809,191544,2025-10-19 21:49:26.305437
2018,48,Texas,59570,30143,5.41,13818331,12985624,743006,2025-10-19 21:49:26.305437
2018,50,Vermont,60076,33238,4.05,343168,328742,13878,2025-10-19 21:49:26.305437
2018,49,Utah,68374,28239,3.9,1514938,1452040,58958,2025-10-19 21:49:26.305437
2018,51,Virginia,71564,37763,5.02,4450906,4118723,217670,2025-10-19 21:49:26.305437
2018,53,Washington,70116,36888,5.34,3761036,3513856,198330,2025-10-19 21:49:26.305437
2018,54,West Virginia,44921,25479,6.75,797423,742615,53750,2025-10-19 21:49:26.305437
2018,55,Wisconsin,59209,32018,4.04,3092330,2964540,124792,2025-10-19 21:49:26.305437
2018,56,Wyoming,62268,32295,4.49,307485,290963,13685,2025-10-19 21:49:26.305437
2018,72,Puerto Rico,20166,12451,16.95,1240033,1028500,209950,2025-10-19 21:49:26.305437
2018,1,Alabama,48486,26846,6.65,2237164,2076708,147898,2025-10-19 21:49:26.305437
2018,2,Alaska,76715,35874,7.4,396353,351152,28067,2025-10-19 21:49:26.305437
2018,4,Arizona,56213,29265,6.46,3274526,3045978,210214,2025-10-19 21:49:26.305437
2018,5,Arkansas,45726,25635,5.54,1372359,1292263,75774,2025-10-19 21:49:26.305437
2018,6,California,71228,35021,6.73,19758291,18309012,1321502,2025-10-19 21:49:26.305437
2018,8,Colorado,68811,36415,4.68,3012312,2839374,139326,2025-10-19 21:49:26.305437
2018,10,Delaware,65627,33989,5.94,482623,450946,28501,2025-10-19 21:49:26.305437
2018,11,District of Columbia,82604,53321,7.37,401740,369194,29373,2025-10-19 21:49:26.305437
2018,9,Connecticut,76106,43056,6.5,1944843,1810445,125909,2025-10-19 21:49:26.305437
2018,12,Florida,53267,30197,6.31,9931799,9253932,622978,2025-10-19 21:49:26.305437
2018,13,Georgia,55679,29523,6.4,5091132,4721065,322854,2025-10-19 21:49:26.305437
2018,16,Idaho,53089,26772,4.67,810430,768701,37672,2025-10-19 21:49:26.305437
2018,15,Hawaii,78084,34035,4.52,749527,677446,32036,2025-10-19 21:49:26.305437
2018,17,Illinois,63575,34463,6.56,6679997,6225964,437139,2025-10-19 21:49:26.305437
2018,18,Indiana,54325,28461,5.41,3348477,3164414,180969,2025-10-19 21:49:26.305437
2018,19,Iowa,58580,31085,3.89,1676339,1609481,65216,2025-10-19 21:49:26.305437
2018,20,Kansas,57422,30757,4.35,1511705,1428660,65038,2025-10-19 21:49:26.305437
2018,21,Kentucky,48392,26948,6.15,2101888,1959442,128358,2025-10-19 21:49:26.305437
2018,22,Louisiana,47942,27027,6.87,2197041,2031115,149850,2025-10-19 21:49:26.305437
2018,23,Maine,55425,31253,4.62,699180,665188,32203,2025-10-19 21:49:26.305437
2018,24,Maryland,81868,40517,5.6,3261655,3051333,181089,2025-10-19 21:49:26.305437
2018,25,Massachusetts,77378,41794,5.39,3778642,3570257,203464,2025-10-19 21:49:26.305437
2018,26,Michigan,54938,30336,6.53,4923316,4598487,321008,2025-10-19 21:49:26.305437
2018,27,Minnesota,68411,36245,3.91,3053005,2931458,119218,2025-10-19 21:49:26.305437
2019,1,Alabama,50536,27928,5.92,2242785,2097384,132095,2025-10-19 21:49:27.023230
2019,2,Alaska,77640,36787,7.16,392338,347774,26808,2025-10-19 21:49:27.023230
2019,4,Arizona,58945,30694,5.89,3346155,3130658,195905,2025-10-19 21:49:27.023230
2019,5,Arkansas,47597,26577,5.13,1378722,1303490,70481,2025-10-19 21:49:27.023230
2019,6,California,75235,36955,6.06,19921547,18591241,1199233,2025-10-19 21:49:27.023230
2019,8,Colorado,72331,38226,4.33,3069631,2904589,131371,2025-10-19 21:49:27.023230
2019,10,Delaware,68287,35450,5.49,485533,455620,26481,2025-10-19 21:49:27.023230
2019,11,District of Columbia,86420,56147,6.91,407904,376871,27967,2025-10-19 21:49:27.023230
2019,9,Connecticut,78444,44496,6.03,1940825,1815636,116456,2025-10-19 21:49:27.023230
2019,12,Florida,55660,31619,5.58,10116026,9495353,561448,2025-10-19 21:49:27.023230
2019,13,Georgia,58700,31067,5.67,5174538,4834622,290560,2025-10-19 21:49:27.023230
2019,16,Idaho,55785,27970,4.33,832286,792237,35879,2025-10-19 21:49:27.023230
2019,15,Hawaii,81275,35567,4.26,752064,680258,30269,2025-10-19 21:49:27.023230
2019,17,Illinois,65886,36038,5.94,6663517,6250862,394981,2025-10-19 21:49:27.023230
2019,18,Indiana,56303,29777,4.8,3367521,3202509,161351,2025-10-19 21:49:27.023230
2019,19,Iowa,60523,32176,3.73,1678141,1613902,62573,2025-10-19 21:49:27.023230
2019,20,Kansas,59597,31814,4.06,1519790,1440453,61002,2025-10-19 21:49:27.023230
2019,21,Kentucky,50589,28178,5.58,2109169,1978477,116945,2025-10-19 21:49:27.023230
2019,22,Louisiana,49469,27923,6.48,2191990,2033758,141020,2025-10-19 21:49:27.023230
2019,23,Maine,57918,32637,4.14,701270,670417,28922,2025-10-19 21:49:27.023230
2019,24,Maryland,84805,42122,5.08,3269234,3073886,164396,2025-10-19 21:49:27.023230
2019,25,Massachusetts,81215,43761,4.83,3800931,3612375,183355,2025-10-19 21:49:27.023230
2019,26,Michigan,57144,31713,5.94,4953003,4654930,293894,2025-10-19 21:49:27.023230
2019,27,Minnesota,71306,37625,3.62,3072244,2958615,111115,2025-10-19 21:49:27.023230
2019,28,Mississippi,45081,24369,7.47,1346678,1235224,99733,2025-10-19 21:49:27.023230
2019,29,Missouri,55461,30810,4.57,3074639,2916000,139789,2025-10-19 21:49:27.023230
2019,30,Montana,54970,31151,4.03,536872,512329,21513,2025-10-19 21:49:27.023230
2019,31,Nebraska,61439,32302,3.34,1039498,999212,34535,2025-10-19 21:49:27.023230
2019,32,Nevada,60365,31557,6.17,1507387,1406568,92426,2025-10-19 21:49:27.023230
2019,33,New Hampshire,76768,40003,3.62,759081,729701,27430,2025-10-19 21:49:27.023230
2019,34,New Jersey,82545,42745,5.51,4689849,4422491,258093,2025-10-19 21:49:27.023230
2019,35,New Mexico,49754,27230,6.67,961999,888646,63458,2025-10-19 21:49:27.023230
2019,36,New York,68486,39326,5.45,10069219,9498320,547509,2025-10-19 21:49:27.023230
2019,37,North Carolina,54602,30783,5.58,5139789,4764135,281344,2025-10-19 21:49:27.023230
2019,38,North Dakota,64894,36062,2.76,420291,402322,11406,2025-10-19 21:49:27.023230
2019,39,Ohio,56602,31552,5.32,5918471,5595444,314483,2025-10-19 21:49:27.023230
2019,40,Oklahoma,52919,28422,5.08,1885928,1772123,94834,2025-10-19 21:49:27.023230
2019,41,Oregon,62818,33763,5.47,2096692,1979043,114559,2025-10-19 21:49:27.023230
2019,42,Pennsylvania,61744,34352,5.31,6553389,6199456,347378,2025-10-19 21:49:27.023230
2019,44,Rhode Island,67167,36121,5.4,567926,533878,30455,2025-10-19 21:49:27.023230
2019,45,South Carolina,53199,29426,5.78,2447854,2275531,139526,2025-10-19 21:49:27.023230
2019,46,South Dakota,58275,30773,3.42,462290,443891,15736,2025-10-19 21:49:27.023230
2019,47,Tennessee,53320,29859,5.26,3301501,3109872,172799,2025-10-19 21:49:27.023230
2019,48,Texas,61874,31277,5.08,14055852,13253631,708827,2025-10-19 21:49:27.023230
2019,50,Vermont,61973,34577,3.61,341932,329028,12323,2025-10-19 21:49:27.023230
2019,49,Utah,71621,29775,3.58,1557215,1497354,55539,2025-10-19 21:49:27.023230
2019,51,Virginia,74222,39278,4.61,4477253,4156018,200850,2025-10-19 21:49:27.023230
2019,53,Washington,73775,38915,4.95,3834480,3594279,187330,2025-10-19 21:49:27.023230
2019,54,West Virginia,46711,26480,6.55,794126,740910,51910,2025-10-19 21:49:27.023230
2019,55,Wisconsin,61747,33375,3.61,3097113,2982359,111564,2025-10-19 21:49:27.023230
2019,56,Wyoming,64049,33366,4.48,305004,288503,13544,2025-10-19 21:49:27.023230
2019,72,Puerto Rico,20539,12914,16.07,1227292,1028513,196934,2025-10-19 21:49:27.023230
2020,42,Pennsylvania,63627,35518,5.36,6566126,6206839,351248,2025-10-19 21:49:27.842633
2020,6,California,78672,38576,6.18,20016955,18646894,1229079,2025-10-19 21:49:27.842633
2020,54,West Virginia,48037,27346,6.53,798208,744272,52031,2025-10-19 21:49:27.842633
2020,49,Utah,74197,30986,3.62,1600462,1537623,57829,2025-10-19 21:49:27.842633
2020,36,New York,71117,40898,5.7,10032721,9438639,570570,2025-10-19 21:49:27.842633
2020,11,District of Columbia,90842,58659,7.12,414396,382108,29290,2025-10-19 21:49:27.842633
2020,2,Alaska,77790,37094,7.18,386787,341492,26429,2025-10-19 21:49:27.842633
2020,12,Florida,57703,32848,5.43,10308068,9684712,556113,2025-10-19 21:49:27.842633
2020,45,South Carolina,54864,30727,5.53,2484102,2312831,135484,2025-10-19 21:49:27.842633
2020,38,North Dakota,65315,36289,3.1,421736,401579,12861,2025-10-19 21:49:27.842633
2020,23,Maine,59489,33774,4.04,706220,675784,28442,2025-10-19 21:49:27.842633
2020,13,Georgia,61224,32427,5.6,5254983,4910269,291506,2025-10-19 21:49:27.842633
2020,1,Alabama,52035,28934,5.58,2259980,2119986,125343,2025-10-19 21:49:27.842633
2020,33,New Hampshire,77923,41234,3.75,761007,730223,28479,2025-10-19 21:49:27.842633
2020,41,Oregon,65667,35393,5.46,2134435,2014487,116297,2025-10-19 21:49:27.842633
2020,56,Wyoming,65304,34415,4.4,303956,287375,13222,2025-10-19 21:49:27.842633
2020,4,Arizona,61529,32340,5.84,3436482,3215843,199358,2025-10-19 21:49:27.842633
2020,22,Louisiana,50800,29522,6.56,2185171,2023915,142088,2025-10-19 21:49:27.842633
2020,18,Indiana,58235,30693,4.73,3383365,3219679,159865,2025-10-19 21:49:27.842633
2020,16,Idaho,58915,29494,4.21,858590,818085,35955,2025-10-19 21:49:27.842633
2020,9,Connecticut,79855,45668,6.04,1933145,1807525,116234,2025-10-19 21:49:27.842633
2020,15,Hawaii,83173,37013,4.55,750350,674453,32187,2025-10-19 21:49:27.842633
2020,17,Illinois,68428,37306,5.96,6650033,6236755,395142,2025-10-19 21:49:27.842633
2020,25,Massachusetts,84385,45555,5.09,3815083,3615725,193769,2025-10-19 21:49:27.842633
2020,48,Texas,63826,32177,5.3,14309066,13461358,752884,2025-10-19 21:49:27.842633
2020,30,Montana,56539,32463,4.15,545629,520043,22541,2025-10-19 21:49:27.842633
2020,31,Nebraska,63015,33205,3.39,1040763,999772,35114,2025-10-19 21:49:27.842633
2020,39,Ohio,58116,32465,5.3,5927187,5603630,313829,2025-10-19 21:49:27.842633
2020,8,Colorado,75231,39545,4.63,3115754,2937047,142722,2025-10-19 21:49:27.842633
2020,34,New Jersey,85245,44153,5.78,4709106,4426619,271795,2025-10-19 21:49:27.842633
2020,24,Maryland,87063,43352,5.17,3275954,3076280,167571,2025-10-19 21:49:27.842633
2020,51,Virginia,76398,41255,4.63,4508686,4179739,202745,2025-10-19 21:49:27.842633
2020,50,Vermont,63477,35854,3.76,342240,328642,12845,2025-10-19 21:49:27.842633
2020,37,North Carolina,56642,31993,5.44,5210600,4833887,278344,2025-10-19 21:49:27.842633
2020,5,Arkansas,49475,27724,5.19,1386758,1309748,71704,2025-10-19 21:49:27.842633
2020,53,Washington,77006,40837,4.9,3904996,3660034,188562,2025-10-19 21:49:27.842633
2020,20,Kansas,61091,32798,4.08,1523349,1444074,61359,2025-10-19 21:49:27.842633
2020,40,Oklahoma,53840,29873,5.09,1893873,1779157,95441,2025-10-19 21:49:27.842633
2020,55,Wisconsin,63293,34450,3.55,3096518,2983277,109854,2025-10-19 21:49:27.842633
2020,28,Mississippi,46511,25444,7.13,1351695,1243095,95379,2025-10-19 21:49:27.842633
2020,29,Missouri,57290,31839,4.51,3090253,2932918,138673,2025-10-19 21:49:27.842633
2020,26,Michigan,59234,32854,6.02,4961054,4658357,298142,2025-10-19 21:49:27.842633
2020,44,Rhode Island,70305,37504,5.52,570567,535140,31263,2025-10-19 21:49:27.842633
2020,27,Minnesota,73382,38881,3.81,3078339,2957615,117117,2025-10-19 21:49:27.842633
2020,19,Iowa,61836,33021,3.92,1679440,1611524,65738,2025-10-19 21:49:27.842633
2020,35,New Mexico,51243,27945,6.58,962807,889193,62580,2025-10-19 21:49:27.842633
2020,32,Nevada,62043,32629,6.57,1534671,1425040,100222,2025-10-19 21:49:27.842633
2020,10,Delaware,69110,36574,5.84,489325,456872,28334,2025-10-19 21:49:27.842633
2020,72,Puerto Rico,21058,13318,15.07,1210925,1026380,182171,2025-10-19 21:49:27.842633
2020,21,Kentucky,52238,29123,5.38,2121356,1993889,113295,2025-10-19 21:49:27.842633
2020,46,South Dakota,59896,31415,3.51,466573,447607,16281,2025-10-19 21:49:27.842633
2020,47,Tennessee,54833,30869,5.33,3343918,3147330,177361,2025-10-19 21:49:27.842633
2021,1,Alabama,54943,30458,5.41,2313616,2173597,124416,2025-10-19 21:49:28.560776
2021,2,Alaska,80287,39236,6.89,383795,338664,25054,2025-10-19 21:49:28.560776
2021,4,Arizona,65913,34644,5.62,3424193,3210791,191115,2025-10-19 21:49:28.560776
2021,5,Arkansas,52123,29210,5.33,1390373,1310863,73733,2025-10-19 21:49:28.560776
2021,6,California,84097,41276,6.53,20129162,18676721,1303741,2025-10-19 21:49:28.560776
2021,8,Colorado,80184,42807,4.65,3157660,2975830,145038,2025-10-19 21:49:28.560776
2021,9,Connecticut,83572,47869,6.06,1950007,1822995,117631,2025-10-19 21:49:28.560776
2021,10,Delaware,72724,38917,5.68,496804,464457,27993,2025-10-19 21:49:28.560776
2021,11,District of Columbia,93547,63793,7.08,405651,373967,28493,2025-10-19 21:49:28.560776
2021,12,Florida,61777,35216,5.32,10448290,9824911,552125,2025-10-19 21:49:28.560776
2021,13,Georgia,65030,34516,5.51,5329864,4983753,290843,2025-10-19 21:49:28.560776
2021,15,Hawaii,88005,39045,5.18,764801,680301,37152,2025-10-19 21:49:28.560776
2021,16,Idaho,63377,31509,4.04,887977,847426,35633,2025-10-19 21:49:28.560776
2021,17,Illinois,72563,39571,6.18,6705184,6273473,413041,2025-10-19 21:49:28.560776
2021,18,Indiana,61944,32537,4.7,3416171,3250923,160490,2025-10-19 21:49:28.560776
2021,19,Iowa,65429,34817,3.91,1689338,1620796,65900,2025-10-19 21:49:28.560776
2021,20,Kansas,64521,34968,4.09,1530430,1450216,61847,2025-10-19 21:49:28.560776
2021,21,Kentucky,55454,30634,5.31,2135988,2009185,112695,2025-10-19 21:49:28.560776
2021,22,Louisiana,53571,30340,6.77,2179709,2013907,146299,2025-10-19 21:49:28.560776
2021,23,Maine,63182,36171,4.24,713221,681187,30163,2025-10-19 21:49:28.560776
2021,24,Maryland,91431,45915,5.32,3330279,3120977,175507,2025-10-19 21:49:28.560776
2021,25,Massachusetts,89026,48617,5.42,3882484,3667019,209959,2025-10-19 21:49:28.560776
2021,26,Michigan,63202,34768,6.21,5007906,4692409,310551,2025-10-19 21:49:28.560776
2021,27,Minnesota,77706,41204,4.03,3109813,2980477,125307,2025-10-19 21:49:28.560776
2021,28,Mississippi,49111,26807,6.85,1345038,1240790,91177,2025-10-19 21:49:28.560776
2021,29,Missouri,61043,33770,4.5,3104195,2945966,138820,2025-10-19 21:49:28.560776
2021,30,Montana,60560,34423,4.06,552144,526641,22303,2025-10-19 21:49:28.560776
2021,31,Nebraska,66644,35189,3.29,1052366,1011989,34474,2025-10-19 21:49:28.560776
2021,32,Nevada,65686,34621,7.12,1549597,1429447,109512,2025-10-19 21:49:28.560776
2021,33,New Hampshire,83449,43877,3.77,769793,738506,28947,2025-10-19 21:49:28.560776
2021,34,New Jersey,89703,46691,6.23,4905036,4588902,304973,2025-10-19 21:49:28.560776
2021,35,New Mexico,54020,29624,6.63,964460,889428,63136,2025-10-19 21:49:28.560776
2021,36,New York,75157,43208,6.24,10331727,9663517,642913,2025-10-19 21:49:28.560776
2021,37,North Carolina,60516,34209,5.34,5219602,4845768,273629,2025-10-19 21:49:28.560776
2021,38,North Dakota,68131,37343,3.16,424182,403612,13152,2025-10-19 21:49:28.560776
2021,39,Ohio,61938,34526,5.27,5981645,5656463,314406,2025-10-19 21:49:28.560776
2021,40,Oklahoma,56956,30976,5.04,1902597,1786742,94856,2025-10-19 21:49:28.560776
2021,41,Oregon,70084,37816,5.62,2150814,2026107,120586,2025-10-19 21:49:28.560776
2021,42,Pennsylvania,67587,37725,5.51,6671309,6295594,367296,2025-10-19 21:49:28.560776
2021,44,Rhode Island,74489,39603,6.02,592466,552707,35428,2025-10-19 21:49:28.560776
2021,45,South Carolina,58234,32823,5.34,2479690,2313378,130624,2025-10-19 21:49:28.560776
2021,46,South Dakota,63920,33468,3.2,466180,448357,14841,2025-10-19 21:49:28.560776
2021,47,Tennessee,58516,32908,5.31,3399281,3201140,179568,2025-10-19 21:49:28.560776
2021,48,Texas,67321,34255,5.36,14492816,13618630,771586,2025-10-19 21:49:28.560776
2021,49,Utah,79133,33378,3.53,1653818,1590143,58170,2025-10-19 21:49:28.560776
2021,50,Vermont,67674,37903,3.92,349819,335239,13668,2025-10-19 21:49:28.560776
2021,51,Virginia,80615,43267,4.59,4552635,4219781,202807,2025-10-19 21:49:28.560776
2021,53,Washington,82400,43817,5.08,3958572,3701656,198259,2025-10-19 21:49:28.560776
2021,54,West Virginia,50884,28761,6.39,788433,736088,50277,2025-10-19 21:49:28.560776
2021,55,Wisconsin,67080,36754,3.49,3127362,3014612,109017,2025-10-19 21:49:28.560776
2021,56,Wyoming,68002,36288,4.19,300833,284934,12464,2025-10-19 21:49:28.560776
2021,72,Puerto Rico,21967,14047,14.58,1238879,1055843,180168,2025-10-19 21:49:28.560776
2022,1,Alabama,59609,33344,5.15,2345086,2209666,120030,2025-10-19 21:49:29.058650
2022,2,Alaska,86370,42828,6.36,383078,339162,23035,2025-10-19 21:49:29.058650
2022,4,Arizona,72581,38334,5.37,3490030,3281189,186058,2025-10-19 21:49:29.058650
2022,5,Arkansas,56335,31868,5.15,1397075,1319483,71601,2025-10-19 21:49:29.058650
2022,6,California,91905,45591,6.41,20168662,18729798,1282055,2025-10-19 21:49:29.058650
2022,8,Colorado,87598,47346,4.53,3205413,3021742,143483,2025-10-19 21:49:29.058650
2022,9,Connecticut,90213,52034,5.91,1955341,1832525,115050,2025-10-19 21:49:29.058650
2022,10,Delaware,79325,42180,5.44,505728,474455,27315,2025-10-19 21:49:29.058650
2022,11,District of Columbia,101722,71297,7.11,400930,369398,28264,2025-10-19 21:49:29.058650
2022,12,Florida,67917,38850,5.04,10629693,10023737,531896,2025-10-19 21:49:29.058650
2022,13,Georgia,71355,37836,5.25,5406476,5069418,280651,2025-10-19 21:49:29.058650
2022,15,Hawaii,94814,42683,5.05,760387,675071,35913,2025-10-19 21:49:29.058650
2022,16,Idaho,70214,34919,3.76,912877,873463,34154,2025-10-19 21:49:29.058650
2022,17,Illinois,78433,43198,5.96,6697663,6280447,397747,2025-10-19 21:49:29.058650
2022,18,Indiana,67173,35578,4.49,3446205,3286714,154602,2025-10-19 21:49:29.058650
2022,19,Iowa,70571,37949,3.82,1695226,1627434,64695,2025-10-19 21:49:29.058650
2022,20,Kansas,69747,38108,4.01,1533709,1452870,60636,2025-10-19 21:49:29.058650
2022,21,Kentucky,60183,33515,5.09,2147538,2025396,108558,2025-10-19 21:49:29.058650
2022,22,Louisiana,57852,32981,6.58,2180175,2019199,142144,2025-10-19 21:49:29.058650
2022,23,Maine,68251,39718,4.04,714333,683370,28762,2025-10-19 21:49:29.058650
2022,24,Maryland,98461,49865,5.12,3331958,3131413,168965,2025-10-19 21:49:29.058650
2022,25,Massachusetts,96505,53513,5.32,3882906,3671485,206164,2025-10-19 21:49:29.058650
2022,26,Michigan,68505,37929,6.03,5018590,4711444,302167,2025-10-19 21:49:29.058650
2022,27,Minnesota,84313,44947,3.97,3116753,2989152,123497,2025-10-19 21:49:29.058650
2022,28,Mississippi,52985,29209,6.42,1344337,1245900,85519,2025-10-19 21:49:29.058650
2022,29,Missouri,65920,36754,4.3,3107514,2954860,132657,2025-10-19 21:49:29.058650
2022,30,Montana,66341,37837,3.89,559429,534107,21635,2025-10-19 21:49:29.058650
2022,31,Nebraska,71722,38585,3.07,1054285,1015656,32157,2025-10-19 21:49:29.058650
2022,32,Nevada,71646,37945,7.02,1578524,1456370,109909,2025-10-19 21:49:29.058650
2022,33,New Hampshire,90845,48250,3.57,770353,740988,27426,2025-10-19 21:49:29.058650
2022,34,New Jersey,97126,50995,6.25,4939081,4619369,307824,2025-10-19 21:49:29.058650
2022,35,New Mexico,58722,32667,6.23,976697,902828,59989,2025-10-19 21:49:29.058650
2022,36,New York,81386,47173,6.23,10279583,9615537,638401,2025-10-19 21:49:29.058650
2022,37,North Carolina,66186,37641,5.08,5290874,4925500,263374,2025-10-19 21:49:29.058650
2022,38,North Dakota,73959,40748,2.92,423612,404772,12191,2025-10-19 21:49:29.058650
2022,39,Ohio,66990,37729,5.01,5998649,5686919,300192,2025-10-19 21:49:29.058650
2022,40,Oklahoma,61364,33630,4.87,1915098,1800158,92216,2025-10-19 21:49:29.058650
2022,41,Oregon,76632,41805,5.53,2169277,2045480,119746,2025-10-19 21:49:29.058650
2022,42,Pennsylvania,73170,41234,5.37,6689654,6322011,358729,2025-10-19 21:49:29.058650
2022,44,Rhode Island,81370,43324,5.88,592606,554054,34616,2025-10-19 21:49:29.058650
2022,45,South Carolina,63623,36072,5.17,2517626,2351749,128211,2025-10-19 21:49:29.058650
2022,46,South Dakota,69457,36850,3.11,471697,453504,14552,2025-10-19 21:49:29.058650
2022,47,Tennessee,64035,36040,5.04,3450165,3258016,172829,2025-10-19 21:49:29.058650
2022,48,Texas,73035,37514,5.22,14784312,13908128,766007,2025-10-19 21:49:29.058650
2022,49,Utah,86833,37023,3.35,1702399,1639398,56860,2025-10-19 21:49:29.058650
2022,50,Vermont,74014,41680,3.84,351783,337211,13466,2025-10-19 21:49:29.058650
2022,51,Virginia,87249,47210,4.43,4570843,4245585,197001,2025-10-19 21:49:29.058650
2022,53,Washington,90325,48685,4.99,4010799,3752076,197009,2025-10-19 21:49:29.058650
2022,54,West Virginia,55217,31462,6.06,786112,736212,47503,2025-10-19 21:49:29.058650
2022,55,Wisconsin,72458,40130,3.36,3129606,3020890,105086,2025-10-19 21:49:29.058650
2022,56,Wyoming,72495,39547,3.83,302838,287895,11456,2025-10-19 21:49:29.058650
2022,72,Puerto Rico,24002,15637,13.29,1250216,1081330,165697,2025-10-19 21:49:29.058650
2023,1,Alabama,62027,34835,4.82,2358667,2229912,112849,2025-10-19 21:49:29.843736
2023,2,Alaska,89336,44928,5.75,380935,338252,20644,2025-10-19 21:49:29.843736
2023,4,Arizona,76872,40736,5.17,3547314,3340327,182184,2025-10-19 21:49:29.843736
2023,5,Arkansas,58773,33147,5.09,1405609,1327740,71269,2025-10-19 21:49:29.843736
2023,6,California,96334,47977,6.42,20144078,18700223,1282259,2025-10-19 21:49:29.843736
2023,8,Colorado,92470,50489,4.49,3237720,3051664,143373,2025-10-19 21:49:29.843736
2023,9,Connecticut,93760,54409,5.65,1953702,1835455,109838,2025-10-19 21:49:29.843736
2023,10,Delaware,82855,44219,5.05,511321,481728,25640,2025-10-19 21:49:29.843736
2023,11,District of Columbia,106287,75253,6.48,400621,371410,25748,2025-10-19 21:49:29.843736
2023,12,Florida,71711,41055,4.81,10803556,10209399,516132,2025-10-19 21:49:29.843736
2023,13,Georgia,74664,39525,5.12,5467313,5130869,276950,2025-10-19 21:49:29.843736
2023,15,Hawaii,98317,44823,5.03,752761,668094,35378,2025-10-19 21:49:29.843736
2023,16,Idaho,74636,37169,3.68,935761,896360,34229,2025-10-19 21:49:29.843736
2023,17,Illinois,81702,45104,5.8,6658874,6253243,384790,2025-10-19 21:49:29.843736
2023,18,Indiana,70051,37178,4.3,3456888,3302869,148579,2025-10-19 21:49:29.843736
2023,19,Iowa,73147,39728,3.63,1694191,1629641,61411,2025-10-19 21:49:29.843736
2023,20,Kansas,72639,39638,3.91,1534589,1454760,59154,2025-10-19 21:49:29.843736
2023,21,Kentucky,62417,34960,4.83,2150592,2032890,103267,2025-10-19 21:49:29.843736
2023,22,Louisiana,60023,34211,6.32,2168876,2013227,135734,2025-10-19 21:49:29.843736
2023,23,Maine,71773,42035,3.92,718405,688248,28048,2025-10-19 21:49:29.843736
2023,24,Maryland,101652,51689,4.94,3328517,3133266,162773,2025-10-19 21:49:29.843736
2023,25,Massachusetts,101341,56284,5.14,3892683,3687020,199882,2025-10-19 21:49:29.843736
2023,26,Michigan,71149,39538,5.81,5008264,4712135,290715,2025-10-19 21:49:29.843736
2023,27,Minnesota,87556,46957,3.93,3115750,2989357,122323,2025-10-19 21:49:29.843736
2023,28,Mississippi,54915,30529,6.01,1340330,1247172,79706,2025-10-19 21:49:29.843736
2023,29,Missouri,68920,38497,4.12,3121721,2974499,127719,2025-10-19 21:49:29.843736
2023,30,Montana,69922,39842,3.76,564064,539136,21045,2025-10-19 21:49:29.843736
2023,31,Nebraska,74985,40637,2.99,1056798,1018867,31428,2025-10-19 21:49:29.843736
2023,32,Nevada,75561,39963,6.81,1595039,1474290,107736,2025-10-19 21:49:29.843736
2023,33,New Hampshire,95628,50867,3.36,772933,745100,25914,2025-10-19 21:49:29.843736
2023,34,New Jersey,101050,53118,6.16,4961028,4644770,304881,2025-10-19 21:49:29.843736
2023,35,New Mexico,62125,34823,5.99,985090,912332,58121,2025-10-19 21:49:29.843736
2023,36,New York,84578,49520,6.2,10226460,9568411,632127,2025-10-19 21:49:29.843736
2023,37,North Carolina,69904,39616,4.83,5351978,4990710,253256,2025-10-19 21:49:29.843736
2023,38,North Dakota,75949,42474,2.84,423728,404575,11847,2025-10-19 21:49:29.843736
2023,39,Ohio,69680,39455,4.85,5996927,5694732,290011,2025-10-19 21:49:29.843736
2023,40,Oklahoma,63603,34859,4.9,1925085,1808400,93199,2025-10-19 21:49:29.843736
2023,41,Oregon,80426,44063,5.37,2172047,2051335,116411,2025-10-19 21:49:29.843736
2023,42,Pennsylvania,76081,43104,5.25,6674961,6315752,349819,2025-10-19 21:49:29.843736
2023,44,Rhode Island,86372,45919,5.71,593598,555915,33634,2025-10-19 21:49:29.843736
2023,45,South Carolina,66818,37993,4.95,2552710,2388777,124521,2025-10-19 21:49:29.843736
2023,46,South Dakota,72421,38880,3.0,475387,457450,14163,2025-10-19 21:49:29.843736
2023,47,Tennessee,67097,37866,4.74,3485218,3301152,164163,2025-10-19 21:49:29.843736
2023,48,Texas,76292,39446,5.14,15025019,14140748,765912,2025-10-19 21:49:29.843736
2023,49,Utah,91750,39240,3.41,1739665,1673539,59150,2025-10-19 21:49:29.843736
2023,50,Vermont,78024,44365,3.66,351168,337258,12815,2025-10-19 21:49:29.843736
2023,51,Virginia,90974,49217,4.3,4580910,4258744,191415,2025-10-19 21:49:29.843736
2023,53,Washington,94952,51493,4.98,4043093,3781332,198360,2025-10-19 21:49:29.843736
2023,54,West Virginia,57917,32949,5.73,788145,740597,45018,2025-10-19 21:49:29.843736
2023,55,Wisconsin,75670,42019,3.29,3125057,3018918,102659,2025-10-19 21:49:29.843736
2023,56,Wyoming,74815,41006,3.74,300480,285935,11118,2025-10-19 21:49:29.843736
2023,72,Puerto Rico,25096,16794,12.09,1269847,1113397,153090,2025-10-19 21:49:29.843736
