year,state_name,population,vintage,population_source,extracted_at
2000,Alabama,4452173,intercensal-2000-2010,Census PEP,2026-09-28T19:15:18Z
2000,Alaska,627963,intercensal-2000-2010,Census PEP,2026-09-28T19:15:18Z
2000,Arizona,5160586,intercensal-2000-2010,Census PEP,2026-09-28T19:15:18Z
2000,Arkansas,2678588,intercensal-2000-2010,Census PEP,2026-09-28T19:15:18Z
2000,California,33987977,intercensal-2000-2010,Census PEP,2026-09-28T19:15:18Z
2000,Colorado,4326921,intercensal-2000-2010,Census PEP,2026-09-28T19:15:18Z
2000,Connecticut,3411777,intercensal-2000-2010,Census PEP,2026-09-28T19:15:18Z
2000,Delaware,786373,intercensal-2000-2010,Census PEP,2026-09-28T19:15:18Z
2000,District of Columbia,572046,intercensal-2000-2010,Census PEP,2026-09-28T19:15:18Z
2000,Florida,16047515,intercensal-2000-2010,Census PEP,2026-09-28T19:15:18Z
2000,Georgia,8227303,intercensal-2000-2010,Census PEP,2026-09-28T19:15:18Z
2000,Hawaii,1213519,intercensal-2000-2010,Census PEP,2026-09-28T19:15:18Z
2000,Idaho,1299430,intercensal-2000-2010,Census PEP,2026-09-28T19:15:18Z
2000,Illinois,12434161,intercensal-2000-2010,Census PEP,2026-09-28T19:15:18Z
2000,Indiana,6091866,intercensal-2000-2010,Census PEP,2026-09-28T19:15:18Z
2000,Iowa,2929067,intercensal-2000-2010,Census PEP,2026-09-28T19:15:18Z
2000,Kansas,2693681,intercensal-2000-2010,Census PEP,2026-09-28T19:15:18Z
2000,Kentucky,4049021,intercensal-2000-2010,Census PEP,2026-09-28T19:15:18Z
2000,Louisiana,4471885,intercensal-2000-2010,Census PEP,2026-09-28T19:15:18Z
2000,Maine,1277072,intercensal-2000-2010,Census PEP,2026-09-28T19:15:18Z
2000,Maryland,5311034,intercensal-2000-2010,Census PEP,2026-09-28T19:15:18Z
2000,Massachusetts,6361104,intercensal-2000-2010,Census PEP,2026-09-28T19:15:18Z
2000,Michigan,9952450,intercensal-2000-2010,Census PEP,2026-09-28T19:15:18Z
2000,Minnesota,4933692,intercensal-2000-2010,Census PEP,2026-09-28T19:15:18Z
2000,Mississippi,2848353,intercensal-2000-2010,Census PEP,2026-09-28T19:15:18Z
2000,Missouri,5607285,intercensal-2000-2010,Census PEP,2026-09-28T19:15:18Z
2000,Montana,903773,intercensal-2000-2010,Census PEP,2026-09-28T19:15:18Z
2000,Nebraska,1713820,intercensal-2000-2010,Census PEP,2026-09-28T19:15:18Z
2000,Nevada,2018741,intercensal-2000-2010,Census PEP,2026-09-28T19:15:18Z
2000,New Hampshire,1239882,intercensal-2000-2010,Census PEP,2026-09-28T19:15:18Z
2000,New Jersey,8430621,intercensal-2000-2010,Census PEP,2026-09-28T19:15:18Z
2000,New Mexico,1821204,intercensal-2000-2010,Census PEP,2026-09-28T19:15:18Z
2000,New York,19001780,intercensal-2000-2010,Census PEP,2026-09-28T19:15:18Z
2000,North Carolina,8081614,intercensal-2000-2010,Census PEP,2026-09-28T19:15:18Z
2000,North Dakota,642023,intercensal-2000-2010,Census PEP,2026-09-28T19:15:18Z
2000,Ohio,11363543,intercensal-2000-2010,Census PEP,2026-09-28T19:15:18Z
2000,Oklahoma,3454365,intercensal-2000-2010,Census PEP,2026-09-28T19:15:18Z
2000,Oregon,3429708,intercensal-2000-2010,Census PEP,2026-09-28T19:15:18Z
2000,Pennsylvania,12284173,intercensal-2000-2010,Census PEP,2026-09-28T19:15:18Z
2000,Rhode Island,1050268,intercensal-2000-2010,Census PEP,2026-09-28T19:15:18Z
2000,South Carolina,4024223,intercensal-2000-2010,Census PEP,2026-09-28T19:15:18Z
2000,South Dakota,755844,intercensal-2000-2010,Census PEP,2026-09-28T19:15:18Z
2000,Tennessee,5703719,intercensal-2000-2010,Census PEP,2026-09-28T19:15:18Z
2000,Texas,20944499,intercensal-2000-2010,Census PEP,2026-09-28T19:15:18Z
2000,United States,282162411,intercensal-2000-2010,Census PEP,2026-09-28T19:15:18Z
2000,Utah,2244502,intercensal-2000-2010,Census PEP,2026-09-28T19:15:18Z
2000,Vermont,609618,intercensal-2000-2010,Census PEP,2026-09-28T19:15:18Z
2000,Virginia,7105817,intercensal-2000-2010,Census PEP,2026-09-28T19:15:18Z
2000,Washington,5910512,intercensal-2000-2010,Census PEP,2026-09-28T19:15:18Z
2000,West Virginia,1807021,intercensal-2000-2010,Census PEP,2026-09-28T19:15:18Z
2000,Wisconsin,5373999,intercensal-2000-2010,Census PEP,2026-09-28T19:15:18Z
2000,Wyoming,494300,intercensal-2000-2010,Census PEP,2026-09-28T19:15:18Z
2001,Alabama,4467634,intercensal-2000-2010,Census PEP,2026-09-28T19:15:18Z
2001,Alaska,633714,intercensal-2000-2010,Census PEP,2026-09-28T19:15:18Z
2001,Arizona,5273477,intercensal-2000-2010,Census PEP,2026-09-28T19:15:18Z
2001,Arkansas,2691571,intercensal-2000-2010,Census PEP,2026-09-28T19:15:18Z
2001,California,34479458,intercensal-2000-2010,Census PEP,2026-09-28T19:15:18Z
2001,Colorado,4425687,intercensal-2000-2010,Census PEP,2026-09-28T19:15:18Z
2001,Connecticut,3432835,intercensal-2000-2010,Census PEP,2026-09-28T19:15:18Z
2001,Delaware,795699,intercensal-2000-2010,Census PEP,2026-09-28T19:15:18Z
2001,District of Columbia,574504,intercensal-2000-2010,Census PEP,2026-09-28T19:15:18Z
2001,Florida,16356966,intercensal-2000-2010,Census PEP,2026-09-28T19:15:18Z
2001,Georgia,8377038,intercensal-2000-2010,Census PEP,2026-09-28T19:15:18Z
2001,Hawaii,1225948,intercensal-2000-2010,Census PEP,2026-09-28T19:15:18Z
2001,Idaho,1319962,intercensal-2000-2010,Census PEP,2026-09-28T19:15:18Z
2001,Illinois,12488445,intercensal-2000-2010,Census PEP,2026-09-28T19:15:18Z
2001,Indiana,6127760,intercensal-2000-2010,Census PEP,2026-09-28T19:15:18Z
2001,Iowa,2931997,intercensal-2000-2010,Census PEP,2026-09-28T19:15:18Z
2001,Kansas,2702162,intercensal-2000-2010,Census PEP,2026-09-28T19:15:18Z
2001,Kentucky,4068132,intercensal-2000-2010,Census PEP,2026-09-28T19:15:18Z
2001,Louisiana,4477875,intercensal-2000-2010,Census PEP,2026-09-28T19:15:18Z
2001,Maine,1285692,intercensal-2000-2010,Census PEP,2026-09-28T19:15:18Z
2001,Maryland,5374691,intercensal-2000-2010,Census PEP,2026-09-28T19:15:18Z
2001,Massachusetts,6397634,intercensal-2000-2010,Census PEP,2026-09-28T19:15:18Z
2001,Michigan,9991120,intercensal-2000-2010,Census PEP,2026-09-28T19:15:18Z
2001,Minnesota,4982796,intercensal-2000-2010,Census PEP,2026-09-28T19:15:18Z
2001,Mississippi,2852994,intercensal-2000-2010,Census PEP,2026-09-28T19:15:18Z
2001,Missouri,5641142,intercensal-2000-2010,Census PEP,2026-09-28T19:15:18Z
2001,Montana,906961,intercensal-2000-2010,Census PEP,2026-09-28T19:15:18Z
2001,Nebraska,1719836,intercensal-2000-2010,Census PEP,2026-09-28T19:15:18Z
2001,Nevada,2098399,intercensal-2000-2010,Census PEP,2026-09-28T19:15:18Z
2001,New Hampshire,1255517,intercensal-2000-2010,Census PEP,2026-09-28T19:15:18Z
2001,New Jersey,8492671,intercensal-2000-2010,Census PEP,2026-09-28T19:15:18Z
2001,New Mexico,1831690,intercensal-2000-2010,Census PEP,2026-09-28T19:15:18Z
2001,New York,19082838,intercensal-2000-2010,Census PEP,2026-09-28T19:15:18Z
2001,North Carolina,8210122,intercensal-2000-2010,Census PEP,2026-09-28T19:15:18Z
2001,North Dakota,639062,intercensal-2000-2010,Census PEP,2026-09-28T19:15:18Z
2001,Ohio,11387404,intercensal-2000-2010,Census PEP,2026-09-28T19:15:18Z
2001,Oklahoma,3467100,intercensal-2000-2010,Census PEP,2026-09-28T19:15:18Z
2001,Oregon,3467937,intercensal-2000-2010,Census PEP,2026-09-28T19:15:18Z
2001,Pennsylvania,12298970,intercensal-2000-2010,Census PEP,2026-09-28T19:15:18Z
2001,Rhode Island,1057142,intercensal-2000-2010,Census PEP,2026-09-28T19:15:18Z
2001,South Carolina,4064995,intercensal-2000-2010,Census PEP,2026-09-28T19:15:18Z
2001,South Dakota,757972,intercensal-2000-2010,Census PEP,2026-09-28T19:15:18Z
2001,Tennessee,5750789,intercensal-2000-2010,Census PEP,2026-09-28T19:15:18Z
2001,Texas,21319622,intercensal-2000-2010,Census PEP,2026-09-28T19:15:18Z
2001,United States,284968955,intercensal-2000-2010,Census PEP,2026-09-28T19:15:18Z
2001,Utah,2283715,intercensal-2000-2010,Census PEP,2026-09-28T19:15:18Z
2001,Vermont,612223,intercensal-2000-2010,Census PEP,2026-09-28T19:15:18Z
2001,Virginia,7198362,intercensal-2000-2010,Census PEP,2026-09-28T19:15:18Z
2001,Washington,5985722,intercensal-2000-2010,Census PEP,2026-09-28T19:15:18Z
2001,West Virginia,1801481,intercensal-2000-2010,Census PEP,2026-09-28T19:15:18Z
2001,Wisconsin,5406835,intercensal-2000-2010,Census PEP,2026-09-28T19:15:18Z
2001,Wyoming,494657,intercensal-2000-2010,Census PEP,2026-09-28T19:15:18Z
2002,Alabama,4480089,intercensal-2000-2010,Census PEP,2026-09-28T19:15:18Z
2002,Alaska,642337,intercensal-2000-2010,Census PEP,2026-09-28T19:15:18Z
2002,Arizona,5396255,intercensal-2000-2010,Census PEP,2026-09-28T19:15:18Z
2002,Arkansas,2705927,intercensal-2000-2010,Census PEP,2026-09-28T19:15:18Z
2002,California,34871843,intercensal-2000-2010,Census PEP,2026-09-28T19:15:18Z
2002,Colorado,4490406,intercensal-2000-2010,Census PEP,2026-09-28T19:15:18Z
2002,Connecticut,3458749,intercensal-2000-2010,Census PEP,2026-09-28T19:15:18Z
2002,Delaware,806169,intercensal-2000-2010,Census PEP,2026-09-28T19:15:18Z
2002,District of Columbia,573158,intercensal-2000-2010,Census PEP,2026-09-28T19:15:18Z
2002,Florida,16689370,intercensal-2000-2010,Census PEP,2026-09-28T19:15:18Z
2002,Georgia,8508256,intercensal-2000-2010,Census PEP,2026-09-28T19:15:18Z
2002,Hawaii,1239613,intercensal-2000-2010,Census PEP,2026-09-28T19:15:18Z
2002,Idaho,1340372,intercensal-2000-2010,Census PEP,2026-09-28T19:15:18Z
2002,Illinois,12525556,intercensal-2000-2010,Census PEP,2026-09-28T19:15:18Z
2002,Indiana,6155967,intercensal-2000-2010,Census PEP,2026-09-28T19:15:18Z
2002,Iowa,2934234,intercensal-2000-2010,Census PEP,2026-09-28T19:15:18Z
2002,Kansas,2713535,intercensal-2000-2010,Census PEP,2026-09-28T19:15:18Z
2002,Kentucky,4089875,intercensal-2000-2010,Census PEP,2026-09-28T19:15:18Z
2002,Louisiana,4497267,intercensal-2000-2010,Census PEP,2026-09-28T19:15:18Z
2002,Maine,1295960,intercensal-2000-2010,Census PEP,2026-09-28T19:15:18Z
2002,Maryland,5440389,intercensal-2000-2010,Census PEP,2026-09-28T19:15:18Z
2002,Massachusetts,6417206,intercensal-2000-2010,Census PEP,2026-09-28T19:15:18Z
2002,Michigan,10015710,intercensal-2000-2010,Census PEP,2026-09-28T19:15:18Z
2002,Minnesota,5018935,intercensal-2000-2010,Census PEP,2026-09-28T19:15:18Z
2002,Mississippi,2858681,intercensal-2000-2010,Census PEP,2026-09-28T19:15:18Z
2002,Missouri,5674825,intercensal-2000-2010,Census PEP,2026-09-28T19:15:18Z
2002,Montana,911667,intercensal-2000-2010,Census PEP,2026-09-28T19:15:18Z
2002,Nebraska,1728292,intercensal-2000-2010,Census PEP,2026-09-28T19:15:18Z
2002,Nevada,2173791,intercensal-2000-2010,Census PEP,2026-09-28T19:15:18Z
2002,New Hampshire,1269089,intercensal-2000-2010,Census PEP,2026-09-28T19:15:18Z
2002,New Jersey,8552643,intercensal-2000-2010,Census PEP,2026-09-28T19:15:18Z
2002,New Mexico,1855309,intercensal-2000-2010,Census PEP,2026-09-28T19:15:18Z
2002,New York,19137800,intercensal-2000-2010,Census PEP,2026-09-28T19:15:18Z
2002,North Carolina,8326201,intercensal-2000-2010,Census PEP,2026-09-28T19:15:18Z
2002,North Dakota,638168,intercensal-2000-2010,Census PEP,2026-09-28T19:15:18Z
2002,Ohio,11407889,intercensal-2000-2010,Census PEP,2026-09-28T19:15:18Z
2002,Oklahoma,3489080,intercensal-2000-2010,Census PEP,2026-09-28T19:15:18Z
2002,Oregon,3513424,intercensal-2000-2010,Census PEP,2026-09-28T19:15:18Z
2002,Pennsylvania,12331031,intercensal-2000-2010,Census PEP,2026-09-28T19:15:18Z
2002,Rhode Island,1065995,intercensal-2000-2010,Census PEP,2026-09-28T19:15:18Z
2002,South Carolina,4107795,intercensal-2000-2010,Census PEP,2026-09-28T19:15:18Z
2002,South Dakota,760020,intercensal-2000-2010,Census PEP,2026-09-28T19:15:18Z
2002,Tennessee,5795918,intercensal-2000-2010,Census PEP,2026-09-28T19:15:18Z
2002,Texas,21690325,intercensal-2000-2010,Census PEP,2026-09-28T19:15:18Z
2002,United States,287625193,intercensal-2000-2010,Census PEP,2026-09-28T19:15:18Z
2002,Utah,2324815,intercensal-2000-2010,Census PEP,2026-09-28T19:15:18Z
2002,Vermont,615442,intercensal-2000-2010,Census PEP,2026-09-28T19:15:18Z
2002,Virginia,7286873,intercensal-2000-2010,Census PEP,2026-09-28T19:15:18Z
2002,Washington,6052349,intercensal-2000-2010,Census PEP,2026-09-28T19:15:18Z
2002,West Virginia,1805414,intercensal-2000-2010,Census PEP,2026-09-28T19:15:18Z
2002,Wisconsin,5445162,intercensal-2000-2010,Census PEP,2026-09-28T19:15:18Z
2002,Wyoming,500017,intercensal-2000-2010,Census PEP,2026-09-28T19:15:18Z
2003,Alabama,4503491,intercensal-2000-2010,Census PEP,2026-09-28T19:15:18Z
2003,Alaska,648414,intercensal-2000-2010,Census PEP,2026-09-28T19:15:18Z
2003,Arizona,5510364,intercensal-2000-2010,Census PEP,2026-09-28T19:15:18Z
2003,Arkansas,2724816,intercensal-2000-2010,Census PEP,2026-09-28T19:15:18Z
2003,California,35253159,intercensal-2000-2010,Census PEP,2026-09-28T19:15:18Z
2003,Colorado,4528732,intercensal-2000-2010,Census PEP,2026-09-28T19:15:18Z
2003,Connecticut,3484336,intercensal-2000-2010,Census PEP,2026-09-28T19:15:18Z
2003,Delaware,818003,intercensal-2000-2010,Census PEP,2026-09-28T19:15:18Z
2003,District of Columbia,568502,intercensal-2000-2010,Census PEP,2026-09-28T19:15:18Z
2003,Florida,17004085,intercensal-2000-2010,Census PEP,2026-09-28T19:15:18Z
2003,Georgia,8622793,intercensal-2000-2010,Census PEP,2026-09-28T19:15:18Z
2003,Hawaii,1251154,intercensal-2000-2010,Census PEP,2026-09-28T19:15:18Z
2003,Idaho,1363380,intercensal-2000-2010,Census PEP,2026-09-28T19:15:18Z
2003,Illinois,12556006,intercensal-2000-2010,Census PEP,2026-09-28T19:15:18Z
2003,Indiana,6196638,intercensal-2000-2010,Census PEP,2026-09-28T19:15:18Z
2003,Iowa,2941999,intercensal-2000-2010,Census PEP,2026-09-28T19:15:18Z
2003,Kansas,2723004,intercensal-2000-2010,Census PEP,2026-09-28T19:15:18Z
2003,Kentucky,4117170,intercensal-2000-2010,Census PEP,2026-09-28T19:15:18Z
2003,Louisiana,4521042,intercensal-2000-2010,Census PEP,2026-09-28T19:15:18Z
2003,Maine,1306513,intercensal-2000-2010,Census PEP,2026-09-28T19:15:18Z
2003,Maryland,5496269,intercensal-2000-2010,Census PEP,2026-09-28T19:15:18Z
2003,Massachusetts,6422565,intercensal-2000-2010,Census PEP,2026-09-28T19:15:18Z
2003,Michigan,10041152,intercensal-2000-2010,Census PEP,2026-09-28T19:15:18Z
2003,Minnesota,5053572,intercensal-2000-2010,Census PEP,2026-09-28T19:15:18Z
2003,Mississippi,2868312,intercensal-2000-2010,Census PEP,2026-09-28T19:15:18Z
2003,Missouri,5709403,intercensal-2000-2010,Census PEP,2026-09-28T19:15:18Z
2003,Montana,919630,intercensal-2000-2010,Census PEP,2026-09-28T19:15:18Z
2003,Nebraska,1738643,intercensal-2000-2010,Census PEP,2026-09-28T19:15:18Z
2003,Nevada,2248850,intercensal-2000-2010,Census PEP,2026-09-28T19:15:18Z
2003,New Hampshire,1279840,intercensal-2000-2010,Census PEP,2026-09-28T19:15:18Z
2003,New Jersey,8601402,intercensal-2000-2010,Census PEP,2026-09-28T19:15:18Z
2003,New Mexico,1877574,intercensal-2000-2010,Census PEP,2026-09-28T19:15:18Z
2003,New York,19175939,intercensal-2000-2010,Census PEP,2026-09-28T19:15:18Z
2003,North Carolina,8422501,intercensal-2000-2010,Census PEP,2026-09-28T19:15:18Z
2003,North Dakota,638817,intercensal-2000-2010,Census PEP,2026-09-28T19:15:18Z
2003,Ohio,11434788,intercensal-2000-2010,Census PEP,2026-09-28T19:15:18Z
2003,Oklahoma,3504892,intercensal-2000-2010,Census PEP,2026-09-28T19:15:18Z
2003,Oregon,3547376,intercensal-2000-2010,Census PEP,2026-09-28T19:15:18Z
2003,Pennsylvania,12374658,intercensal-2000-2010,Census PEP,2026-09-28T19:15:18Z
2003,Rhode Island,1071342,intercensal-2000-2010,Census PEP,2026-09-28T19:15:18Z
2003,South Carolina,4150297,intercensal-2000-2010,Census PEP,2026-09-28T19:15:18Z
2003,South Dakota,763729,intercensal-2000-2010,Census PEP,2026-09-28T19:15:18Z
2003,Tennessee,5847812,intercensal-2000-2010,Census PEP,2026-09-28T19:15:18Z
2003,Texas,22030931,intercensal-2000-2010,Census PEP,2026-09-28T19:15:18Z
2003,United States,290107933,intercensal-2000-2010,Census PEP,2026-09-28T19:15:18Z
2003,Utah,2360137,intercensal-2000-2010,Census PEP,2026-09-28T19:15:18Z
2003,Vermont,617858,intercensal-2000-2010,Census PEP,2026-09-28T19:15:18Z
2003,Virginia,7366977,intercensal-2000-2010,Census PEP,2026-09-28T19:15:18Z
2003,Washington,6104115,intercensal-2000-2010,Census PEP,2026-09-28T19:15:18Z
2003,West Virginia,1812295,intercensal-2000-2010,Census PEP,2026-09-28T19:15:18Z
2003,Wisconsin,5479203,intercensal-2000-2010,Census PEP,2026-09-28T19:15:18Z
2003,Wyoming,503453,intercensal-2000-2010,Census PEP,2026-09-28T19:15:18Z
2004,Alabama,4530729,intercensal-2000-2010,Census PEP,2026-09-28T19:15:18Z
2004,Alaska,659286,intercensal-2000-2010,Census PEP,2026-09-28T19:15:18Z
2004,Arizona,5652404,intercensal-2000-2010,Census PEP,2026-09-28T19:15:18Z
2004,Arkansas,2749686,intercensal-2000-2010,Census PEP,2026-09-28T19:15:18Z
2004,California,35574576,intercensal-2000-2010,Census PEP,2026-09-28T19:15:18Z
2004,Colorado,4575013,intercensal-2000-2010,Census PEP,2026-09-28T19:15:18Z
2004,Connecticut,3496094,intercensal-2000-2010,Census PEP,2026-09-28T19:15:18Z
2004,Delaware,830803,intercensal-2000-2010,Census PEP,2026-09-28T19:15:18Z
2004,District of Columbia,567754,intercensal-2000-2010,Census PEP,2026-09-28T19:15:18Z
2004,Florida,17415318,intercensal-2000-2010,Census PEP,2026-09-28T19:15:18Z
2004,Georgia,8769252,intercensal-2000-2010,Census PEP,2026-09-28T19:15:18Z
2004,Hawaii,1273569,intercensal-2000-2010,Census PEP,2026-09-28T19:15:18Z
2004,Idaho,1391802,intercensal-2000-2010,Census PEP,2026-09-28T19:15:18Z
2004,Illinois,12589773,intercensal-2000-2010,Census PEP,2026-09-28T19:15:18Z
2004,Indiana,6233007,intercensal-2000-2010,Census PEP,2026-09-28T19:15:18Z
2004,Iowa,2953635,intercensal-2000-2010,Census PEP,2026-09-28T19:15:18Z
2004,Kansas,2734373,intercensal-2000-2010,Census PEP,2026-09-28T19:15:18Z
2004,Kentucky,4146101,intercensal-2000-2010,Census PEP,2026-09-28T19:15:18Z
2004,Louisiana,4552238,intercensal-2000-2010,Census PEP,2026-09-28T19:15:18Z
2004,Maine,1313688,intercensal-2000-2010,Census PEP,2026-09-28T19:15:18Z
2004,Maryland,5546935,intercensal-2000-2010,Census PEP,2026-09-28T19:15:18Z
2004,Massachusetts,6412281,intercensal-2000-2010,Census PEP,2026-09-28T19:15:18Z
2004,Michigan,10055315,intercensal-2000-2010,Census PEP,2026-09-28T19:15:18Z
2004,Minnesota,5087713,intercensal-2000-2010,Census PEP,2026-09-28T19:15:18Z
2004,Mississippi,2889010,intercensal-2000-2010,Census PEP,2026-09-28T19:15:18Z
2004,Missouri,5747741,intercensal-2000-2010,Census PEP,2026-09-28T19:15:18Z
2004,Montana,930009,intercensal-2000-2010,Census PEP,2026-09-28T19:15:18Z
2004,Nebraska,1749370,intercensal-2000-2010,Census PEP,2026-09-28T19:15:18Z
2004,Nevada,2346222,intercensal-2000-2010,Census PEP,2026-09-28T19:15:18Z
2004,New Hampshire,1290121,intercensal-2000-2010,Census PEP,2026-09-28T19:15:18Z
2004,New Jersey,8634561,intercensal-2000-2010,Census PEP,2026-09-28T19:15:18Z
2004,New Mexico,1903808,intercensal-2000-2010,Census PEP,2026-09-28T19:15:18Z
2004,New York,19171567,intercensal-2000-2010,Census PEP,2026-09-28T19:15:18Z
2004,North Carolina,8553152,intercensal-2000-2010,Census PEP,2026-09-28T19:15:18Z
2004,North Dakota,644705,intercensal-2000-2010,Census PEP,2026-09-28T19:15:18Z
2004,Ohio,11452251,intercensal-2000-2010,Census PEP,2026-09-28T19:15:18Z
2004,Oklahoma,3525233,intercensal-2000-2010,Census PEP,2026-09-28T19:15:18Z
2004,Oregon,3569463,intercensal-2000-2010,Census PEP,2026-09-28T19:15:18Z
2004,Pennsylvania,12410722,intercensal-2000-2010,Census PEP,2026-09-28T19:15:18Z
2004,Rhode Island,1074579,intercensal-2000-2010,Census PEP,2026-09-28T19:15:18Z
2004,South Carolina,4210921,intercensal-2000-2010,Census PEP,2026-09-28T19:15:18Z
2004,South Dakota,770396,intercensal-2000-2010,Census PEP,2026-09-28T19:15:18Z
2004,Tennessee,5910809,intercensal-2000-2010,Census PEP,2026-09-28T19:15:18Z
2004,Texas,22394023,intercensal-2000-2010,Census PEP,2026-09-28T19:15:18Z
2004,United States,292805298,intercensal-2000-2010,Census PEP,2026-09-28T19:15:18Z
2004,Utah,2401580,intercensal-2000-2010,Census PEP,2026-09-28T19:15:18Z
2004,Vermont,619920,intercensal-2000-2010,Census PEP,2026-09-28T19:15:18Z
2004,Virginia,7475575,intercensal-2000-2010,Census PEP,2026-09-28T19:15:18Z
2004,Washington,6178645,intercensal-2000-2010,Census PEP,2026-09-28T19:15:18Z
2004,West Virginia,1816438,intercensal-2000-2010,Census PEP,2026-09-28T19:15:18Z
2004,Wisconsin,5514026,intercensal-2000-2010,Census PEP,2026-09-28T19:15:18Z
2004,Wyoming,509106,intercensal-2000-2010,Census PEP,2026-09-28T19:15:18Z
2005,Alabama,4569805,intercensal-2000-2010,Census PEP,2026-09-28T19:15:18Z
2005,Alaska,666946,intercensal-2000-2010,Census PEP,2026-09-28T19:15:18Z
2005,Arizona,5839077,intercensal-2000-2010,Census PEP,2026-09-28T19:15:18Z
2005,Arkansas,2781097,intercensal-2000-2010,Census PEP,2026-09-28T19:15:18Z
2005,California,35827943,intercensal-2000-2010,Census PEP,2026-09-28T19:15:18Z
2005,Colorado,4631888,intercensal-2000-2010,Census PEP,2026-09-28T19:15:18Z
2005,Connecticut,3506956,intercensal-2000-2010,Census PEP,2026-09-28T19:15:18Z
2005,Delaware,845150,intercensal-2000-2010,Census PEP,2026-09-28T19:15:18Z
2005,District of Columbia,567136,intercensal-2000-2010,Census PEP,2026-09-28T19:15:18Z
2005,Florida,17842038,intercensal-2000-2010,Census PEP,2026-09-28T19:15:18Z
2005,Georgia,8925922,intercensal-2000-2010,Census PEP,2026-09-28T19:15:18Z
2005,Hawaii,1292729,intercensal-2000-2010,Census PEP,2026-09-28T19:15:18Z
2005,Idaho,1428241,intercensal-2000-2010,Census PEP,2026-09-28T19:15:18Z
2005,Illinois,12609903,intercensal-2000-2010,Census PEP,2026-09-28T19:15:18Z
2005,Indiana,6278616,intercensal-2000-2010,Census PEP,2026-09-28T19:15:18Z
2005,Iowa,2964454,intercensal-2000-2010,Census PEP,2026-09-28T19:15:18Z
2005,Kansas,2745299,intercensal-2000-2010,Census PEP,2026-09-28T19:15:18Z
2005,Kentucky,4182742,intercensal-2000-2010,Census PEP,2026-09-28T19:15:18Z
2005,Louisiana,4576628,intercensal-2000-2010,Census PEP,2026-09-28T19:15:18Z
2005,Maine,1318787,intercensal-2000-2010,Census PEP,2026-09-28T19:15:18Z
2005,Maryland,5592379,intercensal-2000-2010,Census PEP,2026-09-28T19:15:18Z
2005,Massachusetts,6403290,intercensal-2000-2010,Census PEP,2026-09-28T19:15:18Z
2005,Michigan,10051137,intercensal-2000-2010,Census PEP,2026-09-28T19:15:18Z
2005,Minnesota,5119598,intercensal-2000-2010,Census PEP,2026-09-28T19:15:18Z
2005,Mississippi,2905943,intercensal-2000-2010,Census PEP,2026-09-28T19:15:18Z
2005,Missouri,5790300,intercensal-2000-2010,Census PEP,2026-09-28T19:15:18Z
2005,Montana,940102,intercensal-2000-2010,Census PEP,2026-09-28T19:15:18Z
2005,Nebraska,1761497,intercensal-2000-2010,Census PEP,2026-09-28T19:15:18Z
2005,Nevada,2432143,intercensal-2000-2010,Census PEP,2026-09-28T19:15:18Z
2005,New Hampshire,1298492,intercensal-2000-2010,Census PEP,2026-09-28T19:15:18Z
2005,New Jersey,8651974,intercensal-2000-2010,Census PEP,2026-09-28T19:15:18Z
2005,New Mexico,1932274,intercensal-2000-2010,Census PEP,2026-09-28T19:15:18Z
2005,New York,19132610,intercensal-2000-2010,Census PEP,2026-09-28T19:15:18Z
2005,North Carolina,8705407,intercensal-2000-2010,Census PEP,2026-09-28T19:15:18Z
2005,North Dakota,646089,intercensal-2000-2010,Census PEP,2026-09-28T19:15:18Z
2005,Ohio,11463320,intercensal-2000-2010,Census PEP,2026-09-28T19:15:18Z
2005,Oklahoma,3548597,intercensal-2000-2010,Census PEP,2026-09-28T19:15:18Z
2005,Oregon,3613202,intercensal-2000-2010,Census PEP,2026-09-28T19:15:18Z
2005,Pennsylvania,12449990,intercensal-2000-2010,Census PEP,2026-09-28T19:15:18Z
2005,Rhode Island,1067916,intercensal-2000-2010,Census PEP,2026-09-28T19:15:18Z
2005,South Carolina,4270150,intercensal-2000-2010,Census PEP,2026-09-28T19:15:18Z
2005,South Dakota,775493,intercensal-2000-2010,Census PEP,2026-09-28T19:15:18Z
2005,Tennessee,5991057,intercensal-2000-2010,Census PEP,2026-09-28T19:15:18Z
2005,Texas,22778123,intercensal-2000-2010,Census PEP,2026-09-28T19:15:18Z
2005,United States,295516599,intercensal-2000-2010,Census PEP,2026-09-28T19:15:18Z
2005,Utah,2457719,intercensal-2000-2010,Census PEP,2026-09-28T19:15:18Z
2005,Vermont,621215,intercensal-2000-2010,Census PEP,2026-09-28T19:15:18Z
2005,Virginia,7577105,intercensal-2000-2010,Census PEP,2026-09-28T19:15:18Z
2005,Washington,6257305,intercensal-2000-2010,Census PEP,2026-09-28T19:15:18Z
2005,West Virginia,1820492,intercensal-2000-2010,Census PEP,2026-09-28T19:15:18Z
2005,Wisconsin,5546166,intercensal-2000-2010,Census PEP,2026-09-28T19:15:18Z
2005,Wyoming,514157,intercensal-2000-2010,Census PEP,2026-09-28T19:15:18Z
2006,Alabama,4628981,intercensal-2000-2010,Census PEP,2026-09-28T19:15:18Z
2006,Alaska,675302,intercensal-2000-2010,Census PEP,2026-09-28T19:15:18Z
2006,Arizona,6029141,intercensal-2000-2010,Census PEP,2026-09-28T19:15:18Z
2006,Arkansas,2821761,intercensal-2000-2010,Census PEP,2026-09-28T19:15:18Z
2006,California,36021202,intercensal-2000-2010,Census PEP,2026-09-28T19:15:18Z
2006,Colorado,4720423,intercensal-2000-2010,Census PEP,2026-09-28T19:15:18Z
2006,Connecticut,3517460,intercensal-2000-2010,Census PEP,2026-09-28T19:15:18Z
2006,Delaware,859268,intercensal-2000-2010,Census PEP,2026-09-28T19:15:18Z
2006,District of Columbia,570681,intercensal-2000-2010,Census PEP,2026-09-28T19:15:18Z
2006,Florida,18166990,intercensal-2000-2010,Census PEP,2026-09-28T19:15:18Z
2006,Georgia,9155813,intercensal-2000-2010,Census PEP,2026-09-28T19:15:18Z
2006,Hawaii,1309731,intercensal-2000-2010,Census PEP,2026-09-28T19:15:18Z
2006,Idaho,1468669,intercensal-2000-2010,Census PEP,2026-09-28T19:15:18Z
2006,Illinois,12643955,intercensal-2000-2010,Census PEP,2026-09-28T19:15:18Z
2006,Indiana,6332669,intercensal-2000-2010,Census PEP,2026-09-28T19:15:18Z
2006,Iowa,2982644,intercensal-2000-2010,Census PEP,2026-09-28T19:15:18Z
2006,Kansas,2762931,intercensal-2000-2010,Census PEP,2026-09-28T19:15:18Z
2006,Kentucky,4219239,intercensal-2000-2010,Census PEP,2026-09-28T19:15:18Z
2006,Louisiana,4302665,intercensal-2000-2010,Census PEP,2026-09-28T19:15:18Z
2006,Maine,1323619,intercensal-2000-2010,Census PEP,2026-09-28T19:15:18Z
2006,Maryland,5627367,intercensal-2000-2010,Census PEP,2026-09-28T19:15:18Z
2006,Massachusetts,6410084,intercensal-2000-2010,Census PEP,2026-09-28T19:15:18Z
2006,Michigan,10036081,intercensal-2000-2010,Census PEP,2026-09-28T19:15:18Z
2006,Minnesota,5163555,intercensal-2000-2010,Census PEP,2026-09-28T19:15:18Z
2006,Mississippi,2904978,intercensal-2000-2010,Census PEP,2026-09-28T19:15:18Z
2006,Missouri,5842704,intercensal-2000-2010,Census PEP,2026-09-28T19:15:18Z
2006,Montana,952692,intercensal-2000-2010,Census PEP,2026-09-28T19:15:18Z
2006,Nebraska,1772693,intercensal-2000-2010,Census PEP,2026-09-28T19:15:18Z
2006,Nevada,2522658,intercensal-2000-2010,Census PEP,2026-09-28T19:15:18Z
2006,New Hampshire,1308389,intercensal-2000-2010,Census PEP,2026-09-28T19:15:18Z
2006,New Jersey,8661679,intercensal-2000-2010,Census PEP,2026-09-28T19:15:18Z
2006,New Mexico,1962137,intercensal-2000-2010,Census PEP,2026-09-28T19:15:18Z
2006,New York,19104631,intercensal-2000-2010,Census PEP,2026-09-28T19:15:18Z
2006,North Carolina,8917270,intercensal-2000-2010,Census PEP,2026-09-28T19:15:18Z
2006,North Dakota,649422,intercensal-2000-2010,Census PEP,2026-09-28T19:15:18Z
2006,Ohio,11481213,intercensal-2000-2010,Census PEP,2026-09-28T19:15:18Z
2006,Oklahoma,3594090,intercensal-2000-2010,Census PEP,2026-09-28T19:15:18Z
2006,Oregon,3670883,intercensal-2000-2010,Census PEP,2026-09-28T19:15:18Z
2006,Pennsylvania,12510809,intercensal-2000-2010,Census PEP,2026-09-28T19:15:18Z
2006,Rhode Island,1063096,intercensal-2000-2010,Census PEP,2026-09-28T19:15:18Z
2006,South Carolina,4357847,intercensal-2000-2010,Census PEP,2026-09-28T19:15:18Z
2006,South Dakota,783033,intercensal-2000-2010,Census PEP,2026-09-28T19:15:18Z
2006,Tennessee,6088766,intercensal-2000-2010,Census PEP,2026-09-28T19:15:18Z
2006,Texas,23359580,intercensal-2000-2010,Census PEP,2026-09-28T19:15:18Z
2006,United States,298379912,intercensal-2000-2010,Census PEP,2026-09-28T19:15:18Z
2006,Utah,2525507,intercensal-2000-2010,Census PEP,2026-09-28T19:15:18Z
2006,Vermont,622892,intercensal-2000-2010,Census PEP,2026-09-28T19:15:18Z
2006,Virginia,7673725,intercensal-2000-2010,Census PEP,2026-09-28T19:15:18Z
2006,Washington,6370753,intercensal-2000-2010,Census PEP,2026-09-28T19:15:18Z
2006,West Virginia,1827912,intercensal-2000-2010,Census PEP,2026-09-28T19:15:18Z
2006,Wisconsin,5577655,intercensal-2000-2010,Census PEP,2026-09-28T19:15:18Z
2006,Wyoming,522667,intercensal-2000-2010,Census PEP,2026-09-28T19:15:18Z
2007,Alabama,4672840,intercensal-2000-2010,Census PEP,2026-09-28T19:15:18Z
2007,Alaska,680300,intercensal-2000-2010,Census PEP,2026-09-28T19:15:18Z
2007,Arizona,6167681,intercensal-2000-2010,Census PEP,2026-09-28T19:15:18Z
2007,Arkansas,2848650,intercensal-2000-2010,Census PEP,2026-09-28T19:15:18Z
2007,California,36250311,intercensal-2000-2010,Census PEP,2026-09-28T19:15:18Z
2007,Colorado,4803868,intercensal-2000-2010,Census PEP,2026-09-28T19:15:18Z
2007,Connecticut,3527270,intercensal-2000-2010,Census PEP,2026-09-28T19:15:18Z
2007,Delaware,871749,intercensal-2000-2010,Census PEP,2026-09-28T19:15:18Z
2007,District of Columbia,574404,intercensal-2000-2010,Census PEP,2026-09-28T19:15:18Z
2007,Florida,18367842,intercensal-2000-2010,Census PEP,2026-09-28T19:15:18Z
2007,Georgia,9349988,intercensal-2000-2010,Census PEP,2026-09-28T19:15:18Z
2007,Hawaii,1315675,intercensal-2000-2010,Census PEP,2026-09-28T19:15:18Z
2007,Idaho,1505105,intercensal-2000-2010,Census PEP,2026-09-28T19:15:18Z
2007,Illinois,12695866,intercensal-2000-2010,Census PEP,2026-09-28T19:15:18Z
2007,Indiana,6379599,intercensal-2000-2010,Census PEP,2026-09-28T19:15:18Z
2007,Iowa,2999212,intercensal-2000-2010,Census PEP,2026-09-28T19:15:18Z
2007,Kansas,2783785,intercensal-2000-2010,Census PEP,2026-09-28T19:15:18Z
2007,Kentucky,4256672,intercensal-2000-2010,Census PEP,2026-09-28T19:15:18Z
2007,Louisiana,4375581,intercensal-2000-2010,Census PEP,2026-09-28T19:15:18Z
2007,Maine,1327040,intercensal-2000-2010,Census PEP,2026-09-28T19:15:18Z
2007,Maryland,5653408,intercensal-2000-2010,Census PEP,2026-09-28T19:15:18Z
2007,Massachusetts,6431559,intercensal-2000-2010,Census PEP,2026-09-28T19:15:18Z
2007,Michigan,10001284,intercensal-2000-2010,Census PEP,2026-09-28T19:15:18Z
2007,Minnesota,5207203,intercensal-2000-2010,Census PEP,2026-09-28T19:15:18Z
2007,Mississippi,2928350,intercensal-2000-2010,Census PEP,2026-09-28T19:15:18Z
2007,Missouri,5887612,intercensal-2000-2010,Census PEP,2026-09-28T19:15:18Z
2007,Montana,964706,intercensal-2000-2010,Census PEP,2026-09-28T19:15:18Z
2007,Nebraska,1783440,intercensal-2000-2010,Census PEP,2026-09-28T19:15:18Z
2007,Nevada,2601072,intercensal-2000-2010,Census PEP,2026-09-28T19:15:18Z
2007,New Hampshire,1312540,intercensal-2000-2010,Census PEP,2026-09-28T19:15:18Z
2007,New Jersey,8677885,intercensal-2000-2010,Census PEP,2026-09-28T19:15:18Z
2007,New Mexico,1990070,intercensal-2000-2010,Census PEP,2026-09-28T19:15:18Z
2007,New York,19132335,intercensal-2000-2010,Census PEP,2026-09-28T19:15:18Z
2007,North Carolina,9118037,intercensal-2000-2010,Census PEP,2026-09-28T19:15:18Z
2007,North Dakota,652822,intercensal-2000-2010,Census PEP,2026-09-28T19:15:18Z
2007,Ohio,11500468,intercensal-2000-2010,Census PEP,2026-09-28T19:15:18Z
2007,Oklahoma,3634349,intercensal-2000-2010,Census PEP,2026-09-28T19:15:18Z
2007,Oregon,3722417,intercensal-2000-2010,Census PEP,2026-09-28T19:15:18Z
2007,Pennsylvania,12563937,intercensal-2000-2010,Census PEP,2026-09-28T19:15:18Z
2007,Rhode Island,1057315,intercensal-2000-2010,Census PEP,2026-09-28T19:15:18Z
2007,South Carolina,4444110,intercensal-2000-2010,Census PEP,2026-09-28T19:15:18Z
2007,South Dakota,791623,intercensal-2000-2010,Census PEP,2026-09-28T19:15:18Z
2007,Tennessee,6175727,intercensal-2000-2010,Census PEP,2026-09-28T19:15:18Z
2007,Texas,23831983,intercensal-2000-2010,Census PEP,2026-09-28T19:15:18Z
2007,United States,301231207,intercensal-2000-2010,Census PEP,2026-09-28T19:15:18Z
2007,Utah,2597746,intercensal-2000-2010,Census PEP,2026-09-28T19:15:18Z
2007,Vermont,623481,intercensal-2000-2010,Census PEP,2026-09-28T19:15:18Z
2007,Virginia,7751000,intercensal-2000-2010,Census PEP,2026-09-28T19:15:18Z
2007,Washington,6461587,intercensal-2000-2010,Census PEP,2026-09-28T19:15:18Z
2007,West Virginia,1834052,intercensal-2000-2010,Census PEP,2026-09-28T19:15:18Z
2007,Wisconsin,5610775,intercensal-2000-2010,Census PEP,2026-09-28T19:15:18Z
2007,Wyoming,534876,intercensal-2000-2010,Census PEP,2026-09-28T19:15:18Z
2008,Alabama,4718206,intercensal-2000-2010,Census PEP,2026-09-28T19:15:18Z
2008,Alaska,687455,intercensal-2000-2010,Census PEP,2026-09-28T19:15:18Z
2008,Arizona,6280362,intercensal-2000-2010,Census PEP,2026-09-28T19:15:18Z
2008,Arkansas,2874554,intercensal-2000-2010,Census PEP,2026-09-28T19:15:18Z
2008,California,36604337,intercensal-2000-2010,Census PEP,2026-09-28T19:15:18Z
2008,Colorado,4889730,intercensal-2000-2010,Census PEP,2026-09-28T19:15:18Z
2008,Connecticut,3545579,intercensal-2000-2010,Census PEP,2026-09-28T19:15:18Z
2008,Delaware,883874,intercensal-2000-2010,Census PEP,2026-09-28T19:15:18Z
2008,District of Columbia,580236,intercensal-2000-2010,Census PEP,2026-09-28T19:15:18Z
2008,Florida,18527305,intercensal-2000-2010,Census PEP,2026-09-28T19:15:18Z
2008,Georgia,9504843,intercensal-2000-2010,Census PEP,2026-09-28T19:15:18Z
2008,Hawaii,1332213,intercensal-2000-2010,Census PEP,2026-09-28T19:15:18Z
2008,Idaho,1534320,intercensal-2000-2010,Census PEP,2026-09-28T19:15:18Z
2008,Illinois,12747038,intercensal-2000-2010,Census PEP,2026-09-28T19:15:18Z
2008,Indiana,6424806,intercensal-2000-2010,Census PEP,2026-09-28T19:15:18Z
2008,Iowa,3016734,intercensal-2000-2010,Census PEP,2026-09-28T19:15:18Z
2008,Kansas,2808076,intercensal-2000-2010,Census PEP,2026-09-28T19:15:18Z
2008,Kentucky,4289878,intercensal-2000-2010,Census PEP,2026-09-28T19:15:18Z
2008,Louisiana,4435586,intercensal-2000-2010,Census PEP,2026-09-28T19:15:18Z
2008,Maine,1330509,intercensal-2000-2010,Census PEP,2026-09-28T19:15:18Z
2008,Maryland,5684965,intercensal-2000-2010,Census PEP,2026-09-28T19:15:18Z
2008,Massachusetts,6468967,intercensal-2000-2010,Census PEP,2026-09-28T19:15:18Z
2008,Michigan,9946889,intercensal-2000-2010,Census PEP,2026-09-28T19:15:18Z
2008,Minnesota,5247018,intercensal-2000-2010,Census PEP,2026-09-28T19:15:18Z
2008,Mississippi,2947806,intercensal-2000-2010,Census PEP,2026-09-28T19:15:18Z
2008,Missouri,5923916,intercensal-2000-2010,Census PEP,2026-09-28T19:15:18Z
2008,Montana,976415,intercensal-2000-2010,Census PEP,2026-09-28T19:15:18Z
2008,Nebraska,1796378,intercensal-2000-2010,Census PEP,2026-09-28T19:15:18Z
2008,Nevada,2653630,intercensal-2000-2010,Census PEP,2026-09-28T19:15:18Z
2008,New Hampshire,1315906,intercensal-2000-2010,Census PEP,2026-09-28T19:15:18Z
2008,New Jersey,8711090,intercensal-2000-2010,Census PEP,2026-09-28T19:15:18Z
2008,New Mexico,2010662,intercensal-2000-2010,Census PEP,2026-09-28T19:15:18Z
2008,New York,19212436,intercensal-2000-2010,Census PEP,2026-09-28T19:15:18Z
2008,North Carolina,9309449,intercensal-2000-2010,Census PEP,2026-09-28T19:15:18Z
2008,North Dakota,657569,intercensal-2000-2010,Census PEP,2026-09-28T19:15:18Z
2008,Ohio,11515391,intercensal-2000-2010,Census PEP,2026-09-28T19:15:18Z
2008,Oklahoma,3668976,intercensal-2000-2010,Census PEP,2026-09-28T19:15:18Z
2008,Oregon,3768748,intercensal-2000-2010,Census PEP,2026-09-28T19:15:18Z
2008,Pennsylvania,12612285,intercensal-2000-2010,Census PEP,2026-09-28T19:15:18Z
2008,Rhode Island,1055003,intercensal-2000-2010,Census PEP,2026-09-28T19:15:18Z
2008,South Carolina,4528996,intercensal-2000-2010,Census PEP,2026-09-28T19:15:18Z
2008,South Dakota,799124,intercensal-2000-2010,Census PEP,2026-09-28T19:15:18Z
2008,Tennessee,6247411,intercensal-2000-2010,Census PEP,2026-09-28T19:15:18Z
2008,Texas,24309039,intercensal-2000-2010,Census PEP,2026-09-28T19:15:18Z
2008,United States,304093966,intercensal-2000-2010,Census PEP,2026-09-28T19:15:18Z
2008,Utah,2663029,intercensal-2000-2010,Census PEP,2026-09-28T19:15:18Z
2008,Vermont,624151,intercensal-2000-2010,Census PEP,2026-09-28T19:15:18Z
2008,Virginia,7833496,intercensal-2000-2010,Census PEP,2026-09-28T19:15:18Z
2008,Washington,6562231,intercensal-2000-2010,Census PEP,2026-09-28T19:15:18Z
2008,West Virginia,1840310,intercensal-2000-2010,Census PEP,2026-09-28T19:15:18Z
2008,Wisconsin,5640996,intercensal-2000-2010,Census PEP,2026-09-28T19:15:18Z
2008,Wyoming,546043,intercensal-2000-2010,Census PEP,2026-09-28T19:15:18Z
2009,Alabama,4757938,intercensal-2000-2010,Census PEP,2026-09-28T19:15:18Z
2009,Alaska,698895,intercensal-2000-2010,Census PEP,2026-09-28T19:15:18Z
2009,Arizona,6343154,intercensal-2000-2010,Census PEP,2026-09-28T19:15:18Z
2009,Arkansas,2896843,intercensal-2000-2010,Census PEP,2026-09-28T19:15:18Z
2009,California,36961229,intercensal-2000-2010,Census PEP,2026-09-28T19:15:18Z
2009,Colorado,4972195,intercensal-2000-2010,Census PEP,2026-09-28T19:15:18Z
2009,Connecticut,3561807,intercensal-2000-2010,Census PEP,2026-09-28T19:15:18Z
2009,Delaware,891730,intercensal-2000-2010,Census PEP,2026-09-28T19:15:18Z
2009,District of Columbia,592228,intercensal-2000-2010,Census PEP,2026-09-28T19:15:18Z
2009,Florida,18652644,intercensal-2000-2010,Census PEP,2026-09-28T19:15:18Z
2009,Georgia,9620846,intercensal-2000-2010,Census PEP,2026-09-28T19:15:18Z
2009,Hawaii,1346717,intercensal-2000-2010,Census PEP,2026-09-28T19:15:18Z
2009,Idaho,1554439,intercensal-2000-2010,Census PEP,2026-09-28T19:15:18Z
2009,Illinois,12796778,intercensal-2000-2010,Census PEP,2026-09-28T19:15:18Z
2009,Indiana,6459325,intercensal-2000-2010,Census PEP,2026-09-28T19:15:18Z
2009,Iowa,3032870,intercensal-2000-2010,Census PEP,2026-09-28T19:15:18Z
2009,Kansas,2832704,intercensal-2000-2010,Census PEP,2026-09-28T19:15:18Z
2009,Kentucky,4317074,intercensal-2000-2010,Census PEP,2026-09-28T19:15:18Z
2009,Louisiana,4491648,intercensal-2000-2010,Census PEP,2026-09-28T19:15:18Z
2009,Maine,1329590,intercensal-2000-2010,Census PEP,2026-09-28T19:15:18Z
2009,Maryland,5730388,intercensal-2000-2010,Census PEP,2026-09-28T19:15:18Z
2009,Massachusetts,6517613,intercensal-2000-2010,Census PEP,2026-09-28T19:15:18Z
2009,Michigan,9901591,intercensal-2000-2010,Census PEP,2026-09-28T19:15:18Z
2009,Minnesota,5281203,intercensal-2000-2010,Census PEP,2026-09-28T19:15:18Z
2009,Mississippi,2958774,intercensal-2000-2010,Census PEP,2026-09-28T19:15:18Z
2009,Missouri,5961088,intercensal-2000-2010,Census PEP,2026-09-28T19:15:18Z
2009,Montana,983982,intercensal-2000-2010,Census PEP,2026-09-28T19:15:18Z
2009,Nebraska,1812683,intercensal-2000-2010,Census PEP,2026-09-28T19:15:18Z
2009,Nevada,2684665,intercensal-2000-2010,Census PEP,2026-09-28T19:15:18Z
2009,New Hampshire,1316102,intercensal-2000-2010,Census PEP,2026-09-28T19:15:18Z
2009,New Jersey,8755602,intercensal-2000-2010,Census PEP,2026-09-28T19:15:18Z
2009,New Mexico,2036802,intercensal-2000-2010,Census PEP,2026-09-28T19:15:18Z
2009,New York,19307066,intercensal-2000-2010,Census PEP,2026-09-28T19:15:18Z
2009,North Carolina,9449566,intercensal-2000-2010,Census PEP,2026-09-28T19:15:18Z
2009,North Dakota,664968,intercensal-2000-2010,Census PEP,2026-09-28T19:15:18Z
2009,Ohio,11528896,intercensal-2000-2010,Census PEP,2026-09-28T19:15:18Z
2009,Oklahoma,3717572,intercensal-2000-2010,Census PEP,2026-09-28T19:15:18Z
2009,Oregon,3808600,intercensal-2000-2010,Census PEP,2026-09-28T19:15:18Z
2009,Pennsylvania,12666858,intercensal-2000-2010,Census PEP,2026-09-28T19:15:18Z
2009,Rhode Island,1053646,intercensal-2000-2010,Census PEP,2026-09-28T19:15:18Z
2009,South Carolina,4589872,intercensal-2000-2010,Census PEP,2026-09-28T19:15:18Z
2009,South Dakota,807067,intercensal-2000-2010,Census PEP,2026-09-28T19:15:18Z
2009,Tennessee,6306019,intercensal-2000-2010,Census PEP,2026-09-28T19:15:18Z
2009,Texas,24801761,intercensal-2000-2010,Census PEP,2026-09-28T19:15:18Z
2009,United States,306771529,intercensal-2000-2010,Census PEP,2026-09-28T19:15:18Z
2009,Utah,2723421,intercensal-2000-2010,Census PEP,2026-09-28T19:15:18Z
2009,Vermont,624817,intercensal-2000-2010,Census PEP,2026-09-28T19:15:18Z
2009,Virginia,7925937,intercensal-2000-2010,Census PEP,2026-09-28T19:15:18Z
2009,Washington,6667426,intercensal-2000-2010,Census PEP,2026-09-28T19:15:18Z
2009,West Virginia,1847775,intercensal-2000-2010,Census PEP,2026-09-28T19:15:18Z
2009,Wisconsin,5669264,intercensal-2000-2010,Census PEP,2026-09-28T19:15:18Z
2009,Wyoming,559851,intercensal-2000-2010,Census PEP,2026-09-28T19:15:18Z
2010,Alabama,4785514,2020,Census PEP,2026-09-28T19:15:18Z
2010,Alaska,713982,2020,Census PEP,2026-09-28T19:15:18Z
2010,Arizona,6407342,2020,Census PEP,2026-09-28T19:15:18Z
2010,Arkansas,2921998,2020,Census PEP,2026-09-28T19:15:18Z
2010,California,37319550,2020,Census PEP,2026-09-28T19:15:18Z
2010,Colorado,5047539,2020,Census PEP,2026-09-28T19:15:18Z
2010,Connecticut,3579173,2020,Census PEP,2026-09-28T19:15:18Z
2010,Delaware,899647,2020,Census PEP,2026-09-28T19:15:18Z
2010,District of Columbia,605282,2020,Census PEP,2026-09-28T19:15:18Z
2010,Florida,18846143,2020,Census PEP,2026-09-28T19:15:18Z
2010,Georgia,9712209,2020,Census PEP,2026-09-28T19:15:18Z
2010,Hawaii,1364004,2020,Census PEP,2026-09-28T19:15:18Z
2010,Idaho,1570819,2020,Census PEP,2026-09-28T19:15:18Z
2010,Illinois,12840545,2020,Census PEP,2026-09-28T19:15:18Z
2010,Indiana,6490555,2020,Census PEP,2026-09-28T19:15:18Z
2010,Iowa,3050819,2020,Census PEP,2026-09-28T19:15:18Z
2010,Kansas,2858266,2020,Census PEP,2026-09-28T19:15:18Z
2010,Kentucky,4348464,2020,Census PEP,2026-09-28T19:15:18Z
2010,Louisiana,4544635,2020,Census PEP,2026-09-28T19:15:18Z
2010,Maine,1327651,2020,Census PEP,2026-09-28T19:15:18Z
2010,Maryland,5788784,2020,Census PEP,2026-09-28T19:15:18Z
2010,Massachusetts,6566440,2020,Census PEP,2026-09-28T19:15:18Z
2010,Michigan,9877597,2020,Census PEP,2026-09-28T19:15:18Z
2010,Minnesota,5310934,2020,Census PEP,2026-09-28T19:15:18Z
2010,Mississippi,2970615,2020,Census PEP,2026-09-28T19:15:18Z
2010,Missouri,5996089,2020,Census PEP,2026-09-28T19:15:18Z
2010,Montana,990730,2020,Census PEP,2026-09-28T19:15:18Z
2010,Nebraska,1829591,2020,Census PEP,2026-09-28T19:15:18Z
2010,Nevada,2702483,2020,Census PEP,2026-09-28T19:15:18Z
2010,New Hampshire,1316807,2020,Census PEP,2026-09-28T19:15:18Z
2010,New Jersey,8799451,2020,Census PEP,2026-09-28T19:15:18Z
2010,New Mexico,2064614,2020,Census PEP,2026-09-28T19:15:18Z
2010,New York,19399956,2020,Census PEP,2026-09-28T19:15:18Z
2010,North Carolina,9574586,2020,Census PEP,2026-09-28T19:15:18Z
2010,North Dakota,674752,2020,Census PEP,2026-09-28T19:15:18Z
2010,Ohio,11539449,2020,Census PEP,2026-09-28T19:15:18Z
2010,Oklahoma,3760014,2020,Census PEP,2026-09-28T19:15:18Z
2010,Oregon,3837614,2020,Census PEP,2026-09-28T19:15:18Z
2010,Pennsylvania,12711406,2020,Census PEP,2026-09-28T19:15:18Z
2010,Puerto Rico,3721525,2020,Census PEP,2026-09-28T19:15:18Z
2010,Rhode Island,1053994,2020,Census PEP,2026-09-28T19:15:18Z
2010,South Carolina,4635846,2020,Census PEP,2026-09-28T19:15:18Z
2010,South Dakota,816193,2020,Census PEP,2026-09-28T19:15:18Z
2010,Tennessee,6355518,2020,Census PEP,2026-09-28T19:15:18Z
2010,Texas,25241897,2020,Census PEP,2026-09-28T19:15:18Z
2010,United States,309327143,2020,Census PEP,2026-09-28T19:15:18Z
2010,Utah,2775413,2020,Census PEP,2026-09-28T19:15:18Z
2010,Vermont,625886,2020,Census PEP,2026-09-28T19:15:18Z
2010,Virginia,8024004,2020,Census PEP,2026-09-28T19:15:18Z
2010,Washington,6743009,2020,Census PEP,2026-09-28T19:15:18Z
2010,West Virginia,1854265,2020,Census PEP,2026-09-28T19:15:18Z
2010,Wisconsin,5690538,2020,Census PEP,2026-09-28T19:15:18Z
2010,Wyoming,564531,2020,Census PEP,2026-09-28T19:15:18Z
2011,Alabama,4799642,2020,Census PEP,2026-09-28T19:15:18Z
2011,Alaska,722349,2020,Census PEP,2026-09-28T19:15:18Z
2011,Arizona,6473416,2020,Census PEP,2026-09-28T19:15:18Z
2011,Arkansas,2941038,2020,Census PEP,2026-09-28T19:15:18Z
2011,California,37636311,2020,Census PEP,2026-09-28T19:15:18Z
2011,Colorado,5121900,2020,Census PEP,2026-09-28T19:15:18Z
2011,Connecticut,3588632,2020,Census PEP,2026-09-28T19:15:18Z
2011,Delaware,907590,2020,Census PEP,2026-09-28T19:15:18Z
2011,District of Columbia,620290,2020,Census PEP,2026-09-28T19:15:18Z
2011,Florida,19055607,2020,Census PEP,2026-09-28T19:15:18Z
2011,Georgia,9803630,2020,Census PEP,2026-09-28T19:15:18Z
2011,Hawaii,1379562,2020,Census PEP,2026-09-28T19:15:18Z
2011,Idaho,1584272,2020,Census PEP,2026-09-28T19:15:18Z
2011,Illinois,12867783,2020,Census PEP,2026-09-28T19:15:18Z
2011,Indiana,6517250,2020,Census PEP,2026-09-28T19:15:18Z
2011,Iowa,3066772,2020,Census PEP,2026-09-28T19:15:18Z
2011,Kansas,2869677,2020,Census PEP,2026-09-28T19:15:18Z
2011,Kentucky,4370817,2020,Census PEP,2026-09-28T19:15:18Z
2011,Louisiana,4576244,2020,Census PEP,2026-09-28T19:15:18Z
2011,Maine,1328473,2020,Census PEP,2026-09-28T19:15:18Z
2011,Maryland,5840241,2020,Census PEP,2026-09-28T19:15:18Z
2011,Massachusetts,6614218,2020,Census PEP,2026-09-28T19:15:18Z
2011,Michigan,9883053,2020,Census PEP,2026-09-28T19:15:18Z
2011,Minnesota,5346620,2020,Census PEP,2026-09-28T19:15:18Z
2011,Mississippi,2979147,2020,Census PEP,2026-09-28T19:15:18Z
2011,Missouri,6011182,2020,Census PEP,2026-09-28T19:15:18Z
2011,Montana,997518,2020,Census PEP,2026-09-28T19:15:18Z
2011,Nebraska,1840914,2020,Census PEP,2026-09-28T19:15:18Z
2011,Nevada,2713114,2020,Census PEP,2026-09-28T19:15:18Z
2011,New Hampshire,1320444,2020,Census PEP,2026-09-28T19:15:18Z
2011,New Jersey,8828552,2020,Census PEP,2026-09-28T19:15:18Z
2011,New Mexico,2080707,2020,Census PEP,2026-09-28T19:15:18Z
2011,New York,19499921,2020,Census PEP,2026-09-28T19:15:18Z
2011,North Carolina,9658913,2020,Census PEP,2026-09-28T19:15:18Z
2011,North Dakota,685526,2020,Census PEP,2026-09-28T19:15:18Z
2011,Ohio,11545735,2020,Census PEP,2026-09-28T19:15:18Z
2011,Oklahoma,3788824,2020,Census PEP,2026-09-28T19:15:18Z
2011,Oregon,3872672,2020,Census PEP,2026-09-28T19:15:18Z
2011,Pennsylvania,12747052,2020,Census PEP,2026-09-28T19:15:18Z
2011,Puerto Rico,3678732,2020,Census PEP,2026-09-28T19:15:18Z
2011,Rhode Island,1053829,2020,Census PEP,2026-09-28T19:15:18Z
2011,South Carolina,4672655,2020,Census PEP,2026-09-28T19:15:18Z
2011,South Dakota,823740,2020,Census PEP,2026-09-28T19:15:18Z
2011,Tennessee,6400298,2020,Census PEP,2026-09-28T19:15:18Z
2011,Texas,25645504,2020,Census PEP,2026-09-28T19:15:18Z
2011,United States,311583481,2020,Census PEP,2026-09-28T19:15:18Z
2011,Utah,2814797,2020,Census PEP,2026-09-28T19:15:18Z
2011,Vermont,627197,2020,Census PEP,2026-09-28T19:15:18Z
2011,Virginia,8102437,2020,Census PEP,2026-09-28T19:15:18Z
2011,Washington,6827479,2020,Census PEP,2026-09-28T19:15:18Z
2011,West Virginia,1856606,2020,Census PEP,2026-09-28T19:15:18Z
2011,Wisconsin,5705840,2020,Census PEP,2026-09-28T19:15:18Z
2011,Wyoming,567491,2020,Census PEP,2026-09-28T19:15:18Z
2012,Alabama,4816632,2020,Census PEP,2026-09-28T19:15:18Z
2012,Alaska,730810,2020,Census PEP,2026-09-28T19:15:18Z
2012,Arizona,6556344,2020,Census PEP,2026-09-28T19:15:18Z
2012,Arkansas,2952876,2020,Census PEP,2026-09-28T19:15:18Z
2012,California,37944551,2020,Census PEP,2026-09-28T19:15:18Z
2012,Colorado,5193660,2020,Census PEP,2026-09-28T19:15:18Z
2012,Connecticut,3595211,2020,Census PEP,2026-09-28T19:15:18Z
2012,Delaware,915518,2020,Census PEP,2026-09-28T19:15:18Z
2012,District of Columbia,635737,2020,Census PEP,2026-09-28T19:15:18Z
2012,Florida,19302016,2020,Census PEP,2026-09-28T19:15:18Z
2012,Georgia,9903580,2020,Census PEP,2026-09-28T19:15:18Z
2012,Hawaii,1395199,2020,Census PEP,2026-09-28T19:15:18Z
2012,Idaho,1595910,2020,Census PEP,2026-09-28T19:15:18Z
2012,Illinois,12883029,2020,Census PEP,2026-09-28T19:15:18Z
2012,Indiana,6538989,2020,Census PEP,2026-09-28T19:15:18Z
2012,Iowa,3076844,2020,Census PEP,2026-09-28T19:15:18Z
2012,Kansas,2886024,2020,Census PEP,2026-09-28T19:15:18Z
2012,Kentucky,4387865,2020,Census PEP,2026-09-28T19:15:18Z
2012,Louisiana,4602067,2020,Census PEP,2026-09-28T19:15:18Z
2012,Maine,1328094,2020,Census PEP,2026-09-28T19:15:18Z
2012,Maryland,5888375,2020,Census PEP,2026-09-28T19:15:18Z
2012,Massachusetts,6664269,2020,Census PEP,2026-09-28T19:15:18Z
2012,Michigan,9898289,2020,Census PEP,2026-09-28T19:15:18Z
2012,Minnesota,5377500,2020,Census PEP,2026-09-28T19:15:18Z
2012,Mississippi,2984599,2020,Census PEP,2026-09-28T19:15:18Z
2012,Missouri,6026027,2020,Census PEP,2026-09-28T19:15:18Z
2012,Montana,1004168,2020,Census PEP,2026-09-28T19:15:18Z
2012,Nebraska,1853691,2020,Census PEP,2026-09-28T19:15:18Z
2012,Nevada,2744670,2020,Census PEP,2026-09-28T19:15:18Z
2012,New Hampshire,1324677,2020,Census PEP,2026-09-28T19:15:18Z
2012,New Jersey,8845671,2020,Census PEP,2026-09-28T19:15:18Z
2012,New Mexico,2087715,2020,Census PEP,2026-09-28T19:15:18Z
2012,New York,19574362,2020,Census PEP,2026-09-28T19:15:18Z
2012,North Carolina,9751810,2020,Census PEP,2026-09-28T19:15:18Z
2012,North Dakota,702227,2020,Census PEP,2026-09-28T19:15:18Z
2012,Ohio,11550971,2020,Census PEP,2026-09-28T19:15:18Z
2012,Oklahoma,3819320,2020,Census PEP,2026-09-28T19:15:18Z
2012,Oregon,3900102,2020,Census PEP,2026-09-28T19:15:18Z
2012,Pennsylvania,12769123,2020,Census PEP,2026-09-28T19:15:18Z
2012,Puerto Rico,3634488,2020,Census PEP,2026-09-28T19:15:18Z
2012,Rhode Island,1054893,2020,Census PEP,2026-09-28T19:15:18Z
2012,South Carolina,4719027,2020,Census PEP,2026-09-28T19:15:18Z
2012,South Dakota,833859,2020,Census PEP,2026-09-28T19:15:18Z
2012,Tennessee,6455752,2020,Census PEP,2026-09-28T19:15:18Z
2012,Texas,26084120,2020,Census PEP,2026-09-28T19:15:18Z
2012,United States,313877662,2020,Census PEP,2026-09-28T19:15:18Z
2012,Utah,2854146,2020,Census PEP,2026-09-28T19:15:18Z
2012,Vermont,626361,2020,Census PEP,2026-09-28T19:15:18Z
2012,Virginia,8187456,2020,Census PEP,2026-09-28T19:15:18Z
2012,Washington,6898599,2020,Census PEP,2026-09-28T19:15:18Z
2012,West Virginia,1857446,2020,Census PEP,2026-09-28T19:15:18Z
2012,Wisconsin,5720825,2020,Census PEP,2026-09-28T19:15:18Z
2012,Wyoming,576656,2020,Census PEP,2026-09-28T19:15:18Z
2013,Alabama,4831586,2020,Census PEP,2026-09-28T19:15:18Z
2013,Alaska,737626,2020,Census PEP,2026-09-28T19:15:18Z
2013,Arizona,6634690,2020,Census PEP,2026-09-28T19:15:18Z
2013,Arkansas,2960459,2020,Census PEP,2026-09-28T19:15:18Z
2013,California,38253768,2020,Census PEP,2026-09-28T19:15:18Z
2013,Colorado,5270774,2020,Census PEP,2026-09-28T19:15:18Z
2013,Connecticut,3595792,2020,Census PEP,2026-09-28T19:15:18Z
2013,Delaware,924062,2020,Census PEP,2026-09-28T19:15:18Z
2013,District of Columbia,651559,2020,Census PEP,2026-09-28T19:15:18Z
2013,Florida,19551678,2020,Census PEP,2026-09-28T19:15:18Z
2013,Georgia,9975592,2020,Census PEP,2026-09-28T19:15:18Z
2013,Hawaii,1408822,2020,Census PEP,2026-09-28T19:15:18Z
2013,Idaho,1612053,2020,Census PEP,2026-09-28T19:15:18Z
2013,Illinois,12895778,2020,Census PEP,2026-09-28T19:15:18Z
2013,Indiana,6570575,2020,Census PEP,2026-09-28T19:15:18Z
2013,Iowa,3093935,2020,Census PEP,2026-09-28T19:15:18Z
2013,Kansas,2894306,2020,Census PEP,2026-09-28T19:15:18Z
2013,Kentucky,4406906,2020,Census PEP,2026-09-28T19:15:18Z
2013,Louisiana,4626040,2020,Census PEP,2026-09-28T19:15:18Z
2013,Maine,1328543,2020,Census PEP,2026-09-28T19:15:18Z
2013,Maryland,5925197,2020,Census PEP,2026-09-28T19:15:18Z
2013,Massachusetts,6715158,2020,Census PEP,2026-09-28T19:15:18Z
2013,Michigan,9914802,2020,Census PEP,2026-09-28T19:15:18Z
2013,Minnesota,5414722,2020,Census PEP,2026-09-28T19:15:18Z
2013,Mississippi,2989839,2020,Census PEP,2026-09-28T19:15:18Z
2013,Missouri,6042989,2020,Census PEP,2026-09-28T19:15:18Z
2013,Montana,1014158,2020,Census PEP,2026-09-28T19:15:18Z
2013,Nebraska,1865813,2020,Census PEP,2026-09-28T19:15:18Z
2013,Nevada,2776956,2020,Census PEP,2026-09-28T19:15:18Z
2013,New Hampshire,1327272,2020,Census PEP,2026-09-28T19:15:18Z
2013,New Jersey,8857821,2020,Census PEP,2026-09-28T19:15:18Z
2013,New Mexico,2092833,2020,Census PEP,2026-09-28T19:15:18Z
2013,New York,19626488,2020,Census PEP,2026-09-28T19:15:18Z
2013,North Carolina,9846717,2020,Census PEP,2026-09-28T19:15:18Z
2013,North Dakota,723149,2020,Census PEP,2026-09-28T19:15:18Z
2013,Ohio,11579692,2020,Census PEP,2026-09-28T19:15:18Z
2013,Oklahoma,3853891,2020,Census PEP,2026-09-28T19:15:18Z
2013,Oregon,3924110,2020,Census PEP,2026-09-28T19:15:18Z
2013,Pennsylvania,12779538,2020,Census PEP,2026-09-28T19:15:18Z
2013,Puerto Rico,3593077,2020,Census PEP,2026-09-28T19:15:18Z
2013,Rhode Island,1055560,2020,Census PEP,2026-09-28T19:15:18Z
2013,South Carolina,4766469,2020,Census PEP,2026-09-28T19:15:18Z
2013,South Dakota,842751,2020,Census PEP,2026-09-28T19:15:18Z
2013,Tennessee,6496943,2020,Census PEP,2026-09-28T19:15:18Z
2013,Texas,26479646,2020,Census PEP,2026-09-28T19:15:18Z
2013,United States,316059947,2020,Census PEP,2026-09-28T19:15:18Z
2013,Utah,2898773,2020,Census PEP,2026-09-28T19:15:18Z
2013,Vermont,626603,2020,Census PEP,2026-09-28T19:15:18Z
2013,Virginia,8255861,2020,Census PEP,2026-09-28T19:15:18Z
2013,Washington,6966252,2020,Census PEP,2026-09-28T19:15:18Z
2013,West Virginia,1854768,2020,Census PEP,2026-09-28T19:15:18Z
2013,Wisconsin,5738012,2020,Census PEP,2026-09-28T19:15:18Z
2013,Wyoming,582620,2020,Census PEP,2026-09-28T19:15:18Z
2014,Alabama,4843737,2020,Census PEP,2026-09-28T19:15:18Z
2014,Alaska,737075,2020,Census PEP,2026-09-28T19:15:18Z
2014,Arizona,6732873,2020,Census PEP,2026-09-28T19:15:18Z
2014,Arkansas,2968759,2020,Census PEP,2026-09-28T19:15:18Z
2014,California,38586706,2020,Census PEP,2026-09-28T19:15:18Z
2014,Colorado,5352637,2020,Census PEP,2026-09-28T19:15:18Z
2014,Connecticut,3595697,2020,Census PEP,2026-09-28T19:15:18Z
2014,Delaware,933131,2020,Census PEP,2026-09-28T19:15:18Z
2014,District of Columbia,663603,2020,Census PEP,2026-09-28T19:15:18Z
2014,Florida,19853880,2020,Census PEP,2026-09-28T19:15:18Z
2014,Georgia,10071204,2020,Census PEP,2026-09-28T19:15:18Z
2014,Hawaii,1415335,2020,Census PEP,2026-09-28T19:15:18Z
2014,Idaho,1632248,2020,Census PEP,2026-09-28T19:15:18Z
2014,Illinois,12885092,2020,Census PEP,2026-09-28T19:15:18Z
2014,Indiana,6596019,2020,Census PEP,2026-09-28T19:15:18Z
2014,Iowa,3110643,2020,Census PEP,2026-09-28T19:15:18Z
2014,Kansas,2901861,2020,Census PEP,2026-09-28T19:15:18Z
2014,Kentucky,4416992,2020,Census PEP,2026-09-28T19:15:18Z
2014,Louisiana,4645938,2020,Census PEP,2026-09-28T19:15:18Z
2014,Maine,1331217,2020,Census PEP,2026-09-28T19:15:18Z
2014,Maryland,5960064,2020,Census PEP,2026-09-28T19:15:18Z
2014,Massachusetts,6764864,2020,Census PEP,2026-09-28T19:15:18Z
2014,Michigan,9932033,2020,Census PEP,2026-09-28T19:15:18Z
2014,Minnesota,5452665,2020,Census PEP,2026-09-28T19:15:18Z
2014,Mississippi,2991892,2020,Census PEP,2026-09-28T19:15:18Z
2014,Missouri,6059130,2020,Census PEP,2026-09-28T19:15:18Z
2014,Montana,1022657,2020,Census PEP,2026-09-28T19:15:18Z
2014,Nebraska,1879955,2020,Census PEP,2026-09-28T19:15:18Z
2014,Nevada,2818935,2020,Census PEP,2026-09-28T19:15:18Z
2014,New Hampshire,1334257,2020,Census PEP,2026-09-28T19:15:18Z
2014,New Jersey,8867277,2020,Census PEP,2026-09-28T19:15:18Z
2014,New Mexico,2090236,2020,Census PEP,2026-09-28T19:15:18Z
2014,New York,19653431,2020,Census PEP,2026-09-28T19:15:18Z
2014,North Carolina,9937295,2020,Census PEP,2026-09-28T19:15:18Z
2014,North Dakota,738736,2020,Census PEP,2026-09-28T19:15:18Z
2014,Ohio,11606573,2020,Census PEP,2026-09-28T19:15:18Z
2014,Oklahoma,3879187,2020,Census PEP,2026-09-28T19:15:18Z
2014,Oregon,3965447,2020,Census PEP,2026-09-28T19:15:18Z
2014,Pennsylvania,12792392,2020,Census PEP,2026-09-28T19:15:18Z
2014,Puerto Rico,3534874,2020,Census PEP,2026-09-28T19:15:18Z
2014,Rhode Island,1056511,2020,Census PEP,2026-09-28T19:15:18Z
2014,South Carolina,4826858,2020,Census PEP,2026-09-28T19:15:18Z
2014,South Dakota,849670,2020,Census PEP,2026-09-28T19:15:18Z
2014,Tennessee,6544617,2020,Census PEP,2026-09-28T19:15:18Z
2014,Texas,26963092,2020,Census PEP,2026-09-28T19:15:18Z
2014,United States,318386329,2020,Census PEP,2026-09-28T19:15:18Z
2014,Utah,2938327,2020,Census PEP,2026-09-28T19:15:18Z
2014,Vermont,625693,2020,Census PEP,2026-09-28T19:15:18Z
2014,Virginia,8315430,2020,Census PEP,2026-09-28T19:15:18Z
2014,Washington,7057531,2020,Census PEP,2026-09-28T19:15:18Z
2014,West Virginia,1850569,2020,Census PEP,2026-09-28T19:15:18Z
2014,Wisconsin,5753199,2020,Census PEP,2026-09-28T19:15:18Z
2014,Wyoming,583159,2020,Census PEP,2026-09-28T19:15:18Z
2015,Alabama,4854803,2020,Census PEP,2026-09-28T19:15:18Z
2015,Alaska,738430,2020,Census PEP,2026-09-28T19:15:18Z
2015,Arizona,6832810,2020,Census PEP,2026-09-28T19:15:18Z
2015,Arkansas,2979732,2020,Census PEP,2026-09-28T19:15:18Z
2015,California,38904296,2020,Census PEP,2026-09-28T19:15:18Z
2015,Colorado,5454328,2020,Census PEP,2026-09-28T19:15:18Z
2015,Connecticut,3588561,2020,Census PEP,2026-09-28T19:15:18Z
2015,Delaware,942065,2020,Census PEP,2026-09-28T19:15:18Z
2015,District of Columbia,677014,2020,Census PEP,2026-09-28T19:15:18Z
2015,Florida,20219111,2020,Census PEP,2026-09-28T19:15:18Z
2015,Georgia,10183353,2020,Census PEP,2026-09-28T19:15:18Z
2015,Hawaii,1422999,2020,Census PEP,2026-09-28T19:15:18Z
2015,Idaho,1652495,2020,Census PEP,2026-09-28T19:15:18Z
2015,Illinois,12859585,2020,Census PEP,2026-09-28T19:15:18Z
2015,Indiana,6611442,2020,Census PEP,2026-09-28T19:15:18Z
2015,Iowa,3122541,2020,Census PEP,2026-09-28T19:15:18Z
2015,Kansas,2910717,2020,Census PEP,2026-09-28T19:15:18Z
2015,Kentucky,4429126,2020,Census PEP,2026-09-28T19:15:18Z
2015,Louisiana,4666998,2020,Census PEP,2026-09-28T19:15:18Z
2015,Maine,1329098,2020,Census PEP,2026-09-28T19:15:18Z
2015,Maryland,5988528,2020,Census PEP,2026-09-28T19:15:18Z
2015,Massachusetts,6797484,2020,Census PEP,2026-09-28T19:15:18Z
2015,Michigan,9934483,2020,Census PEP,2026-09-28T19:15:18Z
2015,Minnesota,5484002,2020,Census PEP,2026-09-28T19:15:18Z
2015,Mississippi,2990231,2020,Census PEP,2026-09-28T19:15:18Z
2015,Missouri,6075411,2020,Census PEP,2026-09-28T19:15:18Z
2015,Montana,1031495,2020,Census PEP,2026-09-28T19:15:18Z
2015,Nebraska,1892059,2020,Census PEP,2026-09-28T19:15:18Z
2015,Nevada,2868531,2020,Census PEP,2026-09-28T19:15:18Z
2015,New Hampshire,1337480,2020,Census PEP,2026-09-28T19:15:18Z
2015,New Jersey,8870312,2020,Census PEP,2026-09-28T19:15:18Z
2015,New Mexico,2090071,2020,Census PEP,2026-09-28T19:15:18Z
2015,New York,19657321,2020,Census PEP,2026-09-28T19:15:18Z
2015,North Carolina,10037218,2020,Census PEP,2026-09-28T19:15:18Z
2015,North Dakota,755537,2020,Census PEP,2026-09-28T19:15:18Z
2015,Ohio,11622315,2020,Census PEP,2026-09-28T19:15:18Z
2015,Oklahoma,3910518,2020,Census PEP,2026-09-28T19:15:18Z
2015,Oregon,4018542,2020,Census PEP,2026-09-28T19:15:18Z
2015,Pennsylvania,12789838,2020,Census PEP,2026-09-28T19:15:18Z
2015,Puerto Rico,3473232,2020,Census PEP,2026-09-28T19:15:18Z
2015,Rhode Island,1056886,2020,Census PEP,2026-09-28T19:15:18Z
2015,South Carolina,4896006,2020,Census PEP,2026-09-28T19:15:18Z
2015,South Dakota,854663,2020,Census PEP,2026-09-28T19:15:18Z
2015,Tennessee,6595354,2020,Census PEP,2026-09-28T19:15:18Z
2015,Texas,27468531,2020,Census PEP,2026-09-28T19:15:18Z
2015,United States,320738994,2020,Census PEP,2026-09-28T19:15:18Z
2015,Utah,2983626,2020,Census PEP,2026-09-28T19:15:18Z
2015,Vermont,625810,2020,Census PEP,2026-09-28T19:15:18Z
2015,Virginia,8367303,2020,Census PEP,2026-09-28T19:15:18Z
2015,Washington,7167287,2020,Census PEP,2026-09-28T19:15:18Z
2015,West Virginia,1843332,2020,Census PEP,2026-09-28T19:15:18Z
2015,Wisconsin,5762927,2020,Census PEP,2026-09-28T19:15:18Z
2015,Wyoming,586389,2020,Census PEP,2026-09-28T19:15:18Z
2016,Alabama,4866824,2020,Census PEP,2026-09-28T19:15:18Z
2016,Alaska,742575,2020,Census PEP,2026-09-28T19:15:18Z
2016,Arizona,6944767,2020,Census PEP,2026-09-28T19:15:18Z
2016,Arkansas,2991815,2020,Census PEP,2026-09-28T19:15:18Z
2016,California,39149186,2020,Census PEP,2026-09-28T19:15:18Z
2016,Colorado,5543844,2020,Census PEP,2026-09-28T19:15:18Z
2016,Connecticut,3579830,2020,Census PEP,2026-09-28T19:15:18Z
2016,Delaware,949989,2020,Census PEP,2026-09-28T19:15:18Z
2016,District of Columbia,687576,2020,Census PEP,2026-09-28T19:15:18Z
2016,Florida,20627237,2020,Census PEP,2026-09-28T19:15:18Z
2016,Georgia,10308442,2020,Census PEP,2026-09-28T19:15:18Z
2016,Hawaii,1428885,2020,Census PEP,2026-09-28T19:15:18Z
2016,Idaho,1684036,2020,Census PEP,2026-09-28T19:15:18Z
2016,Illinois,12821709,2020,Census PEP,2026-09-28T19:15:18Z
2016,Indiana,6637898,2020,Census PEP,2026-09-28T19:15:18Z
2016,Iowa,3133210,2020,Census PEP,2026-09-28T19:15:18Z
2016,Kansas,2912977,2020,Census PEP,2026-09-28T19:15:18Z
2016,Kentucky,4440306,2020,Census PEP,2026-09-28T19:15:18Z
2016,Louisiana,4681346,2020,Census PEP,2026-09-28T19:15:18Z
2016,Maine,1332348,2020,Census PEP,2026-09-28T19:15:18Z
2016,Maryland,6007014,2020,Census PEP,2026-09-28T19:15:18Z
2016,Massachusetts,6827280,2020,Census PEP,2026-09-28T19:15:18Z
2016,Michigan,9954117,2020,Census PEP,2026-09-28T19:15:18Z
2016,Minnesota,5525360,2020,Census PEP,2026-09-28T19:15:18Z
2016,Mississippi,2990595,2020,Census PEP,2026-09-28T19:15:18Z
2016,Missouri,6091384,2020,Census PEP,2026-09-28T19:15:18Z
2016,Montana,1042137,2020,Census PEP,2026-09-28T19:15:18Z
2016,Nebraska,1906483,2020,Census PEP,2026-09-28T19:15:18Z
2016,Nevada,2919555,2020,Census PEP,2026-09-28T19:15:18Z
2016,New Hampshire,1343694,2020,Census PEP,2026-09-28T19:15:18Z
2016,New Jersey,8873584,2020,Census PEP,2026-09-28T19:15:18Z
2016,New Mexico,2092555,2020,Census PEP,2026-09-28T19:15:18Z
2016,New York,19636391,2020,Census PEP,2026-09-28T19:15:18Z
2016,North Carolina,10161802,2020,Census PEP,2026-09-28T19:15:18Z
2016,North Dakota,756114,2020,Census PEP,2026-09-28T19:15:18Z
2016,Ohio,11640060,2020,Census PEP,2026-09-28T19:15:18Z
2016,Oklahoma,3928143,2020,Census PEP,2026-09-28T19:15:18Z
2016,Oregon,4093271,2020,Census PEP,2026-09-28T19:15:18Z
2016,Pennsylvania,12788468,2020,Census PEP,2026-09-28T19:15:18Z
2016,Puerto Rico,3406672,2020,Census PEP,2026-09-28T19:15:18Z
2016,Rhode Island,1057816,2020,Census PEP,2026-09-28T19:15:18Z
2016,South Carolina,4963031,2020,Census PEP,2026-09-28T19:15:18Z
2016,South Dakota,863693,2020,Census PEP,2026-09-28T19:15:18Z
2016,Tennessee,6651277,2020,Census PEP,2026-09-28T19:15:18Z
2016,Texas,27914064,2020,Census PEP,2026-09-28T19:15:18Z
2016,United States,323071755,2020,Census PEP,2026-09-28T19:15:18Z
2016,Utah,3044241,2020,Census PEP,2026-09-28T19:15:18Z
2016,Vermont,624366,2020,Census PEP,2026-09-28T19:15:18Z
2016,Virginia,8417651,2020,Census PEP,2026-09-28T19:15:18Z
2016,Washington,7299961,2020,Census PEP,2026-09-28T19:15:18Z
2016,West Virginia,1832435,2020,Census PEP,2026-09-28T19:15:18Z
2016,Wisconsin,5775170,2020,Census PEP,2026-09-28T19:15:18Z
2016,Wyoming,585243,2020,Census PEP,2026-09-28T19:15:18Z
2017,Alabama,4877989,2020,Census PEP,2026-09-28T19:15:18Z
2017,Alaska,740983,2020,Census PEP,2026-09-28T19:15:18Z
2017,Arizona,7048088,2020,Census PEP,2026-09-28T19:15:18Z
2017,Arkansas,3003855,2020,Census PEP,2026-09-28T19:15:18Z
2017,California,39337785,2020,Census PEP,2026-09-28T19:15:18Z
2017,Colorado,5617421,2020,Census PEP,2026-09-28T19:15:18Z
2017,Connecticut,3575324,2020,Census PEP,2026-09-28T19:15:18Z
2017,Delaware,957942,2020,Census PEP,2026-09-28T19:15:18Z
2017,District of Columbia,697079,2020,Census PEP,2026-09-28T19:15:18Z
2017,Florida,20977089,2020,Census PEP,2026-09-28T19:15:18Z
2017,Georgia,10417031,2020,Census PEP,2026-09-28T19:15:18Z
2017,Hawaii,1425763,2020,Census PEP,2026-09-28T19:15:18Z
2017,Idaho,1719745,2020,Census PEP,2026-09-28T19:15:18Z
2017,Illinois,12779893,2020,Census PEP,2026-09-28T19:15:18Z
2017,Indiana,6662068,2020,Census PEP,2026-09-28T19:15:18Z
2017,Iowa,3143734,2020,Census PEP,2026-09-28T19:15:18Z
2017,Kansas,2910892,2020,Census PEP,2026-09-28T19:15:18Z
2017,Kentucky,4455590,2020,Census PEP,2026-09-28T19:15:18Z
2017,Louisiana,4673673,2020,Census PEP,2026-09-28T19:15:18Z
2017,Maine,1335743,2020,Census PEP,2026-09-28T19:15:18Z
2017,Maryland,6028186,2020,Census PEP,2026-09-28T19:15:18Z
2017,Massachusetts,6863560,2020,Census PEP,2026-09-28T19:15:18Z
2017,Michigan,9976752,2020,Census PEP,2026-09-28T19:15:18Z
2017,Minnesota,5569283,2020,Census PEP,2026-09-28T19:15:18Z
2017,Mississippi,2990674,2020,Census PEP,2026-09-28T19:15:18Z
2017,Missouri,6111382,2020,Census PEP,2026-09-28T19:15:18Z
2017,Montana,1053862,2020,Census PEP,2026-09-28T19:15:18Z
2017,Nebraska,1916998,2020,Census PEP,2026-09-28T19:15:18Z
2017,Nevada,2972097,2020,Census PEP,2026-09-28T19:15:18Z
2017,New Hampshire,1350395,2020,Census PEP,2026-09-28T19:15:18Z
2017,New Jersey,8888147,2020,Census PEP,2026-09-28T19:15:18Z
2017,New Mexico,2092844,2020,Census PEP,2026-09-28T19:15:18Z
2017,New York,19593849,2020,Census PEP,2026-09-28T19:15:18Z
2017,North Carolina,10275758,2020,Census PEP,2026-09-28T19:15:18Z
2017,North Dakota,756755,2020,Census PEP,2026-09-28T19:15:18Z
2017,Ohio,11665706,2020,Census PEP,2026-09-28T19:15:18Z
2017,Oklahoma,3933602,2020,Census PEP,2026-09-28T19:15:18Z
2017,Oregon,4147294,2020,Census PEP,2026-09-28T19:15:18Z
2017,Pennsylvania,12794679,2020,Census PEP,2026-09-28T19:15:18Z
2017,Puerto Rico,3325284,2020,Census PEP,2026-09-28T19:15:18Z
2017,Rhode Island,1056554,2020,Census PEP,2026-09-28T19:15:18Z
2017,South Carolina,5027102,2020,Census PEP,2026-09-28T19:15:18Z
2017,South Dakota,873732,2020,Census PEP,2026-09-28T19:15:18Z
2017,Tennessee,6714748,2020,Census PEP,2026-09-28T19:15:18Z
2017,Texas,28291024,2020,Census PEP,2026-09-28T19:15:18Z
2017,United States,325122128,2020,Census PEP,2026-09-28T19:15:18Z
2017,Utah,3103540,2020,Census PEP,2026-09-28T19:15:18Z
2017,Vermont,625132,2020,Census PEP,2026-09-28T19:15:18Z
2017,Virginia,8471011,2020,Census PEP,2026-09-28T19:15:18Z
2017,Washington,7427951,2020,Census PEP,2026-09-28T19:15:18Z
2017,West Virginia,1818683,2020,Census PEP,2026-09-28T19:15:18Z
2017,Wisconsin,5793147,2020,Census PEP,2026-09-28T19:15:18Z
2017,Wyoming,579994,2020,Census PEP,2026-09-28T19:15:18Z
2018,Alabama,4891628,2020,Census PEP,2026-09-28T19:15:18Z
2018,Alaska,736624,2020,Census PEP,2026-09-28T19:15:18Z
2018,Arizona,7164228,2020,Census PEP,2026-09-28T19:15:18Z
2018,Arkansas,3012161,2020,Census PEP,2026-09-28T19:15:18Z
2018,California,39437463,2020,Census PEP,2026-09-28T19:15:18Z
2018,Colorado,5697155,2020,Census PEP,2026-09-28T19:15:18Z
2018,Connecticut,3574561,2020,Census PEP,2026-09-28T19:15:18Z
2018,Delaware,966985,2020,Census PEP,2026-09-28T19:15:18Z
2018,District of Columbia,704147,2020,Census PEP,2026-09-28T19:15:18Z
2018,Florida,21254926,2020,Census PEP,2026-09-28T19:15:18Z
2018,Georgia,10519389,2020,Census PEP,2026-09-28T19:15:18Z
2018,Hawaii,1423102,2020,Census PEP,2026-09-28T19:15:18Z
2018,Idaho,1752074,2020,Census PEP,2026-09-28T19:15:18Z
2018,Illinois,12724685,2020,Census PEP,2026-09-28T19:15:18Z
2018,Indiana,6698481,2020,Census PEP,2026-09-28T19:15:18Z
2018,Iowa,3149900,2020,Census PEP,2026-09-28T19:15:18Z
2018,Kansas,2912748,2020,Census PEP,2026-09-28T19:15:18Z
2018,Kentucky,4464273,2020,Census PEP,2026-09-28T19:15:18Z
2018,Louisiana,4664450,2020,Census PEP,2026-09-28T19:15:18Z
2018,Maine,1340123,2020,Census PEP,2026-09-28T19:15:18Z
2018,Maryland,6042153,2020,Census PEP,2026-09-28T19:15:18Z
2018,Massachusetts,6885720,2020,Census PEP,2026-09-28T19:15:18Z
2018,Michigan,9987286,2020,Census PEP,2026-09-28T19:15:18Z
2018,Minnesota,5608762,2020,Census PEP,2026-09-28T19:15:18Z
2018,Mississippi,2982879,2020,Census PEP,2026-09-28T19:15:18Z
2018,Missouri,6125986,2020,Census PEP,2026-09-28T19:15:18Z
2018,Montana,1061818,2020,Census PEP,2026-09-28T19:15:18Z
2018,Nebraska,1925512,2020,Census PEP,2026-09-28T19:15:18Z
2018,Nevada,3030725,2020,Census PEP,2026-09-28T19:15:18Z
2018,New Hampshire,1355064,2020,Census PEP,2026-09-28T19:15:18Z
2018,New Jersey,8891730,2020,Census PEP,2026-09-28T19:15:18Z
2018,New Mexico,2093754,2020,Census PEP,2026-09-28T19:15:18Z
2018,New York,19544098,2020,Census PEP,2026-09-28T19:15:18Z
2018,North Carolina,10391358,2020,Census PEP,2026-09-28T19:15:18Z
2018,North Dakota,760062,2020,Census PEP,2026-09-28T19:15:18Z
2018,Ohio,11680892,2020,Census PEP,2026-09-28T19:15:18Z
2018,Oklahoma,3943488,2020,Census PEP,2026-09-28T19:15:18Z
2018,Oregon,4183538,2020,Census PEP,2026-09-28T19:15:18Z
2018,Pennsylvania,12809107,2020,Census PEP,2026-09-28T19:15:18Z
2018,Puerto Rico,3193344,2020,Census PEP,2026-09-28T19:15:18Z
2018,Rhode Island,1059338,2020,Census PEP,2026-09-28T19:15:18Z
2018,South Carolina,5091702,2020,Census PEP,2026-09-28T19:15:18Z
2018,South Dakota,879386,2020,Census PEP,2026-09-28T19:15:18Z
2018,Tennessee,6778180,2020,Census PEP,2026-09-28T19:15:18Z
2018,Texas,28624564,2020,Census PEP,2026-09-28T19:15:18Z
2018,United States,326838199,2020,Census PEP,2026-09-28T19:15:18Z
2018,Utah,3155153,2020,Census PEP,2026-09-28T19:15:18Z
2018,Vermont,624802,2020,Census PEP,2026-09-28T19:15:18Z
2018,Virginia,8510920,2020,Census PEP,2026-09-28T19:15:18Z
2018,Washington,7526793,2020,Census PEP,2026-09-28T19:15:18Z
2018,West Virginia,1805953,2020,Census PEP,2026-09-28T19:15:18Z
2018,Wisconsin,5809319,2020,Census PEP,2026-09-28T19:15:18Z
2018,Wyoming,579054,2020,Census PEP,2026-09-28T19:15:18Z
2019,Alabama,4907965,2020,Census PEP,2026-09-28T19:15:18Z
2019,Alaska,733603,2020,Census PEP,2026-09-28T19:15:18Z
2019,Arizona,7291843,2020,Census PEP,2026-09-28T19:15:18Z
2019,Arkansas,3020985,2020,Census PEP,2026-09-28T19:15:18Z
2019,California,39437610,2020,Census PEP,2026-09-28T19:15:18Z
2019,Colorado,5758486,2020,Census PEP,2026-09-28T19:15:18Z
2019,Connecticut,3566022,2020,Census PEP,2026-09-28T19:15:18Z
2019,Delaware,976668,2020,Census PEP,2026-09-28T19:15:18Z
2019,District of Columbia,708253,2020,Census PEP,2026-09-28T19:15:18Z
2019,Florida,21492056,2020,Census PEP,2026-09-28T19:15:18Z
2019,Georgia,10628020,2020,Census PEP,2026-09-28T19:15:18Z
2019,Hawaii,1415615,2020,Census PEP,2026-09-28T19:15:18Z
2019,Idaho,1789060,2020,Census PEP,2026-09-28T19:15:18Z
2019,Illinois,12667017,2020,Census PEP,2026-09-28T19:15:18Z
2019,Indiana,6731010,2020,Census PEP,2026-09-28T19:15:18Z
2019,Iowa,3159596,2020,Census PEP,2026-09-28T19:15:18Z
2019,Kansas,2912635,2020,Census PEP,2026-09-28T19:15:18Z
2019,Kentucky,4472345,2020,Census PEP,2026-09-28T19:15:18Z
2019,Louisiana,4658285,2020,Census PEP,2026-09-28T19:15:18Z
2019,Maine,1345770,2020,Census PEP,2026-09-28T19:15:18Z
2019,Maryland,6054954,2020,Census PEP,2026-09-28T19:15:18Z
2019,Massachusetts,6894883,2020,Census PEP,2026-09-28T19:15:18Z
2019,Michigan,9984795,2020,Census PEP,2026-09-28T19:15:18Z
2019,Minnesota,5640053,2020,Census PEP,2026-09-28T19:15:18Z
2019,Mississippi,2978227,2020,Census PEP,2026-09-28T19:15:18Z
2019,Missouri,6140475,2020,Census PEP,2026-09-28T19:15:18Z
2019,Montana,1070123,2020,Census PEP,2026-09-28T19:15:18Z
2019,Nebraska,1932571,2020,Census PEP,2026-09-28T19:15:18Z
2019,Nevada,3090771,2020,Census PEP,2026-09-28T19:15:18Z
2019,New Hampshire,1360783,2020,Census PEP,2026-09-28T19:15:18Z
2019,New Jersey,8891258,2020,Census PEP,2026-09-28T19:15:18Z
2019,New Mexico,2099634,2020,Census PEP,2026-09-28T19:15:18Z
2019,New York,19463131,2020,Census PEP,2026-09-28T19:15:18Z
2019,North Carolina,10501384,2020,Census PEP,2026-09-28T19:15:18Z
2019,North Dakota,763724,2020,Census PEP,2026-09-28T19:15:18Z
2019,Ohio,11696507,2020,Census PEP,2026-09-28T19:15:18Z
2019,Oklahoma,3960676,2020,Census PEP,2026-09-28T19:15:18Z
2019,Oregon,4216116,2020,Census PEP,2026-09-28T19:15:18Z
2019,Pennsylvania,12798883,2020,Census PEP,2026-09-28T19:15:18Z
2019,Puerto Rico,3193553,2020,Census PEP,2026-09-28T19:15:18Z
2019,Rhode Island,1058158,2020,Census PEP,2026-09-28T19:15:18Z
2019,South Carolina,5157702,2020,Census PEP,2026-09-28T19:15:18Z
2019,South Dakota,887127,2020,Census PEP,2026-09-28T19:15:18Z
2019,Tennessee,6830325,2020,Census PEP,2026-09-28T19:15:18Z
2019,Texas,28986794,2020,Census PEP,2026-09-28T19:15:18Z
2019,United States,328329953,2020,Census PEP,2026-09-28T19:15:18Z
2019,Utah,3203383,2020,Census PEP,2026-09-28T19:15:18Z
2019,Vermont,624046,2020,Census PEP,2026-09-28T19:15:18Z
2019,Virginia,8556642,2020,Census PEP,2026-09-28T19:15:18Z
2019,Washington,7614024,2020,Census PEP,2026-09-28T19:15:18Z
2019,West Virginia,1795263,2020,Census PEP,2026-09-28T19:15:18Z
2019,Wisconsin,5824581,2020,Census PEP,2026-09-28T19:15:18Z
2019,Wyoming,580116,2020,Census PEP,2026-09-28T19:15:18Z
2020,Alabama,5032962,2025,Census PEP,2026-09-28T19:15:18Z
2020,Alaska,732906,2025,Census PEP,2026-09-28T19:15:18Z
2020,Arizona,7186647,2025,Census PEP,2026-09-28T19:15:18Z
2020,Arkansas,3014399,2025,Census PEP,2026-09-28T19:15:18Z
2020,California,39527808,2025,Census PEP,2026-09-28T19:15:18Z
2020,Colorado,5786873,2025,Census PEP,2026-09-28T19:15:18Z
2020,Connecticut,3579643,2025,Census PEP,2026-09-28T19:15:18Z
2020,Delaware,991890,2025,Census PEP,2026-09-28T19:15:18Z
2020,District of Columbia,670958,2025,Census PEP,2026-09-28T19:15:18Z
2020,Florida,21591325,2025,Census PEP,2026-09-28T19:15:18Z
2020,Georgia,10732595,2025,Census PEP,2026-09-28T19:15:18Z
2020,Hawaii,1451130,2025,Census PEP,2026-09-28T19:15:18Z
2020,Idaho,1849328,2025,Census PEP,2026-09-28T19:15:18Z
2020,Illinois,12795348,2025,Census PEP,2026-09-28T19:15:18Z
2020,Indiana,6790290,2025,Census PEP,2026-09-28T19:15:18Z
2020,Iowa,3191081,2025,Census PEP,2026-09-28T19:15:18Z
2020,Kansas,2938274,2025,Census PEP,2026-09-28T19:15:18Z
2020,Kentucky,4508271,2025,Census PEP,2026-09-28T19:15:18Z
2020,Louisiana,4652145,2025,Census PEP,2026-09-28T19:15:18Z
2020,Maine,1364546,2025,Census PEP,2026-09-28T19:15:18Z
2020,Maryland,6178387,2025,Census PEP,2026-09-28T19:15:18Z
2020,Massachusetts,6985320,2025,Census PEP,2026-09-28T19:15:18Z
2020,Michigan,10072294,2025,Census PEP,2026-09-28T19:15:18Z
2020,Minnesota,5710562,2025,Census PEP,2026-09-28T19:15:18Z
2020,Mississippi,2958385,2025,Census PEP,2026-09-28T19:15:18Z
2020,Missouri,6155074,2025,Census PEP,2026-09-28T19:15:18Z
2020,Montana,1087156,2025,Census PEP,2026-09-28T19:15:18Z
2020,Nebraska,1963318,2025,Census PEP,2026-09-28T19:15:18Z
2020,Nevada,3116851,2025,Census PEP,2026-09-28T19:15:18Z
2020,New Hampshire,1378752,2025,Census PEP,2026-09-28T19:15:18Z
2020,New Jersey,9270476,2025,Census PEP,2026-09-28T19:15:18Z
2020,New Mexico,2118446,2025,Census PEP,2026-09-28T19:15:18Z
2020,New York,20122262,2025,Census PEP,2026-09-28T19:15:18Z
2020,North Carolina,10450215,2025,Census PEP,2026-09-28T19:15:18Z
2020,North Dakota,779612,2025,Census PEP,2026-09-28T19:15:18Z
2020,Ohio,11798534,2025,Census PEP,2026-09-28T19:15:18Z
2020,Oklahoma,3965243,2025,Census PEP,2026-09-28T19:15:18Z
2020,Oregon,4243544,2025,Census PEP,2026-09-28T19:15:18Z
2020,Pennsylvania,12995576,2025,Census PEP,2026-09-28T19:15:18Z
2020,Puerto Rico,3281591,2025,Census PEP,2026-09-28T19:15:18Z
2020,Rhode Island,1096487,2025,Census PEP,2026-09-28T19:15:18Z
2020,South Carolina,5131992,2025,Census PEP,2026-09-28T19:15:18Z
2020,South Dakota,887808,2025,Census PEP,2026-09-28T19:15:18Z
2020,Tennessee,6927736,2025,Census PEP,2026-09-28T19:15:18Z
2020,Texas,29237895,2025,Census PEP,2026-09-28T19:15:18Z
2020,United States,331578104,2025,Census PEP,2026-09-28T19:15:18Z
2020,Utah,3283970,2025,Census PEP,2026-09-28T19:15:18Z
2020,Vermont,642965,2025,Census PEP,2026-09-28T19:15:18Z
2020,Virginia,8637303,2025,Census PEP,2026-09-28T19:15:18Z
2020,Washington,7726812,2025,Census PEP,2026-09-28T19:15:18Z
2020,West Virginia,1791670,2025,Census PEP,2026-09-28T19:15:18Z
2020,Wisconsin,5897371,2025,Census PEP,2026-09-28T19:15:18Z
2020,Wyoming,577669,2025,Census PEP,2026-09-28T19:15:18Z
2021,Alabama,5050058,2025,Census PEP,2026-09-28T19:15:18Z
2021,Alaska,734590,2025,Census PEP,2026-09-28T19:15:18Z
2021,Arizona,7274022,2025,Census PEP,2026-09-28T19:15:18Z
2021,Arkansas,3027127,2025,Census PEP,2026-09-28T19:15:18Z
2021,California,39152927,2025,Census PEP,2026-09-28T19:15:18Z
2021,Colorado,5814368,2025,Census PEP,2026-09-28T19:15:18Z
2021,Connecticut,3607765,2025,Census PEP,2026-09-28T19:15:18Z
2021,Delaware,1005130,2025,Census PEP,2026-09-28T19:15:18Z
2021,District of Columbia,669637,2025,Census PEP,2026-09-28T19:15:18Z
2021,Florida,21836698,2025,Census PEP,2026-09-28T19:15:18Z
2021,Georgia,10793038,2025,Census PEP,2026-09-28T19:15:18Z
2021,Hawaii,1446909,2025,Census PEP,2026-09-28T19:15:18Z
2021,Idaho,1904855,2025,Census PEP,2026-09-28T19:15:18Z
2021,Illinois,12703354,2025,Census PEP,2026-09-28T19:15:18Z
2021,Indiana,6814223,2025,Census PEP,2026-09-28T19:15:18Z
2021,Iowa,3199037,2025,Census PEP,2026-09-28T19:15:18Z
2021,Kansas,2938966,2025,Census PEP,2026-09-28T19:15:18Z
2021,Kentucky,4508348,2025,Census PEP,2026-09-28T19:15:18Z
2021,Louisiana,4628595,2025,Census PEP,2026-09-28T19:15:18Z
2021,Maine,1379009,2025,Census PEP,2026-09-28T19:15:18Z
2021,Maryland,6176035,2025,Census PEP,2026-09-28T19:15:18Z
2021,Massachusetts,6996721,2025,Census PEP,2026-09-28T19:15:18Z
2021,Michigan,10042362,2025,Census PEP,2026-09-28T19:15:18Z
2021,Minnesota,5714055,2025,Census PEP,2026-09-28T19:15:18Z
2021,Mississippi,2947603,2025,Census PEP,2026-09-28T19:15:18Z
2021,Missouri,6172551,2025,Census PEP,2026-09-28T19:15:18Z
2021,Montana,1106416,2025,Census PEP,2026-09-28T19:15:18Z
2021,Nebraska,1964697,2025,Census PEP,2026-09-28T19:15:18Z
2021,Nevada,3148472,2025,Census PEP,2026-09-28T19:15:18Z
2021,New Hampshire,1387907,2025,Census PEP,2026-09-28T19:15:18Z
2021,New Jersey,9266509,2025,Census PEP,2026-09-28T19:15:18Z
2021,New Mexico,2117300,2025,Census PEP,2026-09-28T19:15:18Z
2021,New York,19835345,2025,Census PEP,2026-09-28T19:15:18Z
2021,North Carolina,10565503,2025,Census PEP,2026-09-28T19:15:18Z
2021,North Dakota,777977,2025,Census PEP,2026-09-28T19:15:18Z
2021,Ohio,11761443,2025,Census PEP,2026-09-28T19:15:18Z
2021,Oklahoma,3992760,2025,Census PEP,2026-09-28T19:15:18Z
2021,Oregon,4254691,2025,Census PEP,2026-09-28T19:15:18Z
2021,Pennsylvania,13016628,2025,Census PEP,2026-09-28T19:15:18Z
2021,Puerto Rico,3262731,2025,Census PEP,2026-09-28T19:15:18Z
2021,Rhode Island,1097381,2025,Census PEP,2026-09-28T19:15:18Z
2021,South Carolina,5194346,2025,Census PEP,2026-09-28T19:15:18Z
2021,South Dakota,896303,2025,Census PEP,2026-09-28T19:15:18Z
2021,Tennessee,6966687,2025,Census PEP,2026-09-28T19:15:18Z
2021,Texas,29572672,2025,Census PEP,2026-09-28T19:15:18Z
2021,United States,332100166,2025,Census PEP,2026-09-28T19:15:18Z
2021,Utah,3339874,2025,Census PEP,2026-09-28T19:15:18Z
2021,Vermont,647238,2025,Census PEP,2026-09-28T19:15:18Z
2021,Virginia,8660007,2025,Census PEP,2026-09-28T19:15:18Z
2021,Washington,7744316,2025,Census PEP,2026-09-28T19:15:18Z
2021,West Virginia,1785921,2025,Census PEP,2026-09-28T19:15:18Z
2021,Wisconsin,5882128,2025,Census PEP,2026-09-28T19:15:18Z
2021,Wyoming,579662,2025,Census PEP,2026-09-28T19:15:18Z
2022,Alabama,5076868,2025,Census PEP,2026-09-28T19:15:18Z
2022,Alaska,733659,2025,Census PEP,2026-09-28T19:15:18Z
2022,Arizona,7370065,2025,Census PEP,2026-09-28T19:15:18Z
2022,Arkansas,3047429,2025,Census PEP,2026-09-28T19:15:18Z
2022,California,39125347,2025,Census PEP,2026-09-28T19:15:18Z
2022,Colorado,5853355,2025,Census PEP,2026-09-28T19:15:18Z
2022,Connecticut,3618707,2025,Census PEP,2026-09-28T19:15:18Z
2022,Delaware,1020279,2025,Census PEP,2026-09-28T19:15:18Z
2022,District of Columbia,674501,2025,Census PEP,2026-09-28T19:15:18Z
2022,Florida,22413989,2025,Census PEP,2026-09-28T19:15:18Z
2022,Georgia,10929992,2025,Census PEP,2026-09-28T19:15:18Z
2022,Hawaii,1437812,2025,Census PEP,2026-09-28T19:15:18Z
2022,Idaho,1942951,2025,Census PEP,2026-09-28T19:15:18Z
2022,Illinois,12609577,2025,Census PEP,2026-09-28T19:15:18Z
2022,Indiana,6841491,2025,Census PEP,2026-09-28T19:15:18Z
2022,Iowa,3201890,2025,Census PEP,2026-09-28T19:15:18Z
2022,Kansas,2938034,2025,Census PEP,2026-09-28T19:15:18Z
2022,Kentucky,4521238,2025,Census PEP,2026-09-28T19:15:18Z
2022,Louisiana,4600892,2025,Census PEP,2026-09-28T19:15:18Z
2022,Maine,1391585,2025,Census PEP,2026-09-28T19:15:18Z
2022,Maryland,6183257,2025,Census PEP,2026-09-28T19:15:18Z
2022,Massachusetts,7025465,2025,Census PEP,2026-09-28T19:15:18Z
2022,Michigan,10043906,2025,Census PEP,2026-09-28T19:15:18Z
2022,Minnesota,5727565,2025,Census PEP,2026-09-28T19:15:18Z
2022,Mississippi,2941237,2025,Census PEP,2026-09-28T19:15:18Z
2022,Missouri,6179285,2025,Census PEP,2026-09-28T19:15:18Z
2022,Montana,1121533,2025,Census PEP,2026-09-28T19:15:18Z
2022,Nebraska,1972595,2025,Census PEP,2026-09-28T19:15:18Z
2022,Nevada,3177672,2025,Census PEP,2026-09-28T19:15:18Z
2022,New Hampshire,1396647,2025,Census PEP,2026-09-28T19:15:18Z
2022,New Jersey,9298402,2025,Census PEP,2026-09-28T19:15:18Z
2022,New Mexico,2112859,2025,Census PEP,2026-09-28T19:15:18Z
2022,New York,19713025,2025,Census PEP,2026-09-28T19:15:18Z
2022,North Carolina,10705768,2025,Census PEP,2026-09-28T19:15:18Z
2022,North Dakota,780191,2025,Census PEP,2026-09-28T19:15:18Z
2022,Ohio,11764950,2025,Census PEP,2026-09-28T19:15:18Z
2022,Oklahoma,4025327,2025,Census PEP,2026-09-28T19:15:18Z
2022,Oregon,4245964,2025,Census PEP,2026-09-28T19:15:18Z
2022,Pennsylvania,12984655,2025,Census PEP,2026-09-28T19:15:18Z
2022,Puerto Rico,3220148,2025,Census PEP,2026-09-28T19:15:18Z
2022,Rhode Island,1098275,2025,Census PEP,2026-09-28T19:15:18Z
2022,South Carolina,5288957,2025,Census PEP,2026-09-28T19:15:18Z
2022,South Dakota,909156,2025,Census PEP,2026-09-28T19:15:18Z
2022,Tennessee,7063325,2025,Census PEP,2026-09-28T19:15:18Z
2022,Texas,30118002,2025,Census PEP,2026-09-28T19:15:18Z
2022,United States,333996304,2025,Census PEP,2026-09-28T19:15:18Z
2022,Utah,3393928,2025,Census PEP,2026-09-28T19:15:18Z
2022,Vermont,647614,2025,Census PEP,2026-09-28T19:15:18Z
2022,Virginia,8681038,2025,Census PEP,2026-09-28T19:15:18Z
2022,Washington,7786828,2025,Census PEP,2026-09-28T19:15:18Z
2022,West Virginia,1774003,2025,Census PEP,2026-09-28T19:15:18Z
2022,Wisconsin,5903472,2025,Census PEP,2026-09-28T19:15:18Z
2022,Wyoming,581742,2025,Census PEP,2026-09-28T19:15:18Z
2023,Alabama,5117850,2025,Census PEP,2026-09-28T19:15:18Z
2023,Alaska,734654,2025,Census PEP,2026-09-28T19:15:18Z
2023,Arizona,7452073,2025,Census PEP,2026-09-28T19:15:18Z
2023,Arkansas,3069856,2025,Census PEP,2026-09-28T19:15:18Z
2023,California,39181667,2025,Census PEP,2026-09-28T19:15:18Z
2023,Colorado,5912240,2025,Census PEP,2026-09-28T19:15:18Z
2023,Connecticut,3641369,2025,Census PEP,2026-09-28T19:15:18Z
2023,Delaware,1035354,2025,Census PEP,2026-09-28T19:15:18Z
2023,District of Columbia,682559,2025,Census PEP,2026-09-28T19:15:18Z
2023,Florida,22929248,2025,Census PEP,2026-09-28T19:15:18Z
2023,Georgia,11063669,2025,Census PEP,2026-09-28T19:15:18Z
2023,Hawaii,1434950,2025,Census PEP,2026-09-28T19:15:18Z
2023,Idaho,1970497,2025,Census PEP,2026-09-28T19:15:18Z
2023,Illinois,12633389,2025,Census PEP,2026-09-28T19:15:18Z
2023,Indiana,6881373,2025,Census PEP,2026-09-28T19:15:18Z
2023,Iowa,3214739,2025,Census PEP,2026-09-28T19:15:18Z
2023,Kansas,2949749,2025,Census PEP,2026-09-28T19:15:18Z
2023,Kentucky,4549953,2025,Census PEP,2026-09-28T19:15:18Z
2023,Louisiana,4598777,2025,Census PEP,2026-09-28T19:15:18Z
2023,Maine,1401992,2025,Census PEP,2026-09-28T19:15:18Z
2023,Maryland,6204927,2025,Census PEP,2026-09-28T19:15:18Z
2023,Massachusetts,7073479,2025,Census PEP,2026-09-28T19:15:18Z
2023,Michigan,10062124,2025,Census PEP,2026-09-28T19:15:18Z
2023,Minnesota,5752998,2025,Census PEP,2026-09-28T19:15:18Z
2023,Mississippi,2942470,2025,Census PEP,2026-09-28T19:15:18Z
2023,Missouri,6205956,2025,Census PEP,2026-09-28T19:15:18Z
2023,Montana,1130612,2025,Census PEP,2026-09-28T19:15:18Z
2023,Nebraska,1988172,2025,Census PEP,2026-09-28T19:15:18Z
2023,Nevada,3211077,2025,Census PEP,2026-09-28T19:15:18Z
2023,New Hampshire,1401530,2025,Census PEP,2026-09-28T19:15:18Z
2023,New Jersey,9395315,2025,Census PEP,2026-09-28T19:15:18Z
2023,New Mexico,2119349,2025,Census PEP,2026-09-28T19:15:18Z
2023,New York,19786543,2025,Census PEP,2026-09-28T19:15:18Z
2023,North Carolina,10871849,2025,Census PEP,2026-09-28T19:15:18Z
2023,North Dakota,787071,2025,Census PEP,2026-09-28T19:15:18Z
2023,Ohio,11808390,2025,Census PEP,2026-09-28T19:15:18Z
2023,Oklahoma,4062716,2025,Census PEP,2026-09-28T19:15:18Z
2023,Oregon,4250392,2025,Census PEP,2026-09-28T19:15:18Z
2023,Pennsylvania,13009406,2025,Census PEP,2026-09-28T19:15:18Z
2023,Puerto Rico,3203794,2025,Census PEP,2026-09-28T19:15:18Z
2023,Rhode Island,1101183,2025,Census PEP,2026-09-28T19:15:18Z
2023,South Carolina,5390798,2025,Census PEP,2026-09-28T19:15:18Z
2023,South Dakota,917739,2025,Census PEP,2026-09-28T19:15:18Z
2023,Tennessee,7153029,2025,Census PEP,2026-09-28T19:15:18Z
2023,Texas,30719247,2025,Census PEP,2026-09-28T19:15:18Z
2023,United States,336755052,2025,Census PEP,2026-09-28T19:15:18Z
2023,Utah,3449259,2025,Census PEP,2026-09-28T19:15:18Z
2023,Vermont,647722,2025,Census PEP,2026-09-28T19:15:18Z
2023,Virginia,8732034,2025,Census PEP,2026-09-28T19:15:18Z
2023,Washington,7838655,2025,Census PEP,2026-09-28T19:15:18Z
2023,West Virginia,1770036,2025,Census PEP,2026-09-28T19:15:18Z
2023,Wisconsin,5930350,2025,Census PEP,2026-09-28T19:15:18Z
2023,Wyoming,584666,2025,Census PEP,2026-09-28T19:15:18Z
2024,Alabama,5163055,2025,Census PEP,2026-09-28T19:15:18Z
2024,Alaska,736537,2025,Census PEP,2026-09-28T19:15:18Z
2024,Arizona,7556424,2025,Census PEP,2026-09-28T19:15:18Z
2024,Arkansas,3096080,2025,Census PEP,2026-09-28T19:15:18Z
2024,California,39364774,2025,Census PEP,2026-09-28T19:15:18Z
2024,Colorado,5988502,2025,Census PEP,2026-09-28T19:15:18Z
2024,Connecticut,3674449,2025,Census PEP,2026-09-28T19:15:18Z
2024,Delaware,1050123,2025,Census PEP,2026-09-28T19:15:18Z
2024,District of Columbia,691310,2025,Census PEP,2026-09-28T19:15:18Z
2024,Florida,23265838,2025,Census PEP,2026-09-28T19:15:18Z
2024,Georgia,11204208,2025,Census PEP,2026-09-28T19:15:18Z
2024,Hawaii,1434952,2025,Census PEP,2026-09-28T19:15:18Z
2024,Idaho,2000872,2025,Census PEP,2026-09-28T19:15:18Z
2024,Illinois,12703033,2025,Census PEP,2026-09-28T19:15:18Z
2024,Indiana,6934754,2025,Census PEP,2026-09-28T19:15:18Z
2024,Iowa,3230454,2025,Census PEP,2026-09-28T19:15:18Z
2024,Kansas,2965252,2025,Census PEP,2026-09-28T19:15:18Z
2024,Kentucky,4584046,2025,Census PEP,2026-09-28T19:15:18Z
2024,Louisiana,4614878,2025,Census PEP,2026-09-28T19:15:18Z
2024,Maine,1408438,2025,Census PEP,2026-09-28T19:15:18Z
2024,Maryland,6245314,2025,Census PEP,2026-09-28T19:15:18Z
2024,Massachusetts,7138560,2025,Census PEP,2026-09-28T19:15:18Z
2024,Michigan,10099962,2025,Census PEP,2026-09-28T19:15:18Z
2024,Minnesota,5797405,2025,Census PEP,2026-09-28T19:15:18Z
2024,Mississippi,2950172,2025,Census PEP,2026-09-28T19:15:18Z
2024,Missouri,6243544,2025,Census PEP,2026-09-28T19:15:18Z
2024,Montana,1137557,2025,Census PEP,2026-09-28T19:15:18Z
2024,Nebraska,2005591,2025,Census PEP,2026-09-28T19:15:18Z
2024,Nevada,3253543,2025,Census PEP,2026-09-28T19:15:18Z
2024,New Hampshire,1408518,2025,Census PEP,2026-09-28T19:15:18Z
2024,New Jersey,9506354,2025,Census PEP,2026-09-28T19:15:18Z
2024,New Mexico,2126774,2025,Census PEP,2026-09-28T19:15:18Z
2024,New York,20001419,2025,Census PEP,2026-09-28T19:15:18Z
2024,North Carolina,11052061,2025,Census PEP,2026-09-28T19:15:18Z
2024,North Dakota,793387,2025,Census PEP,2026-09-28T19:15:18Z
2024,Ohio,11860621,2025,Census PEP,2026-09-28T19:15:18Z
2024,Oklahoma,4097758,2025,Census PEP,2026-09-28T19:15:18Z
2024,Oregon,4265324,2025,Census PEP,2026-09-28T19:15:18Z
2024,Pennsylvania,13045848,2025,Census PEP,2026-09-28T19:15:18Z
2024,Puerto Rico,3202521,2025,Census PEP,2026-09-28T19:15:18Z
2024,Rhode Island,1110415,2025,Census PEP,2026-09-28T19:15:18Z
2024,South Carolina,5490316,2025,Census PEP,2026-09-28T19:15:18Z
2024,South Dakota,927110,2025,Census PEP,2026-09-28T19:15:18Z
2024,Tennessee,7251291,2025,Census PEP,2026-09-28T19:15:18Z
2024,Texas,31318578,2025,Census PEP,2026-09-28T19:15:18Z
2024,United States,340003797,2025,Census PEP,2026-09-28T19:15:18Z
2024,Utah,3502983,2025,Census PEP,2026-09-28T19:15:18Z
2024,Vermont,646521,2025,Census PEP,2026-09-28T19:15:18Z
2024,Virginia,8819642,2025,Census PEP,2026-09-28T19:15:18Z
2024,Washington,7927958,2025,Census PEP,2026-09-28T19:15:18Z
2024,West Virginia,1767402,2025,Census PEP,2026-09-28T19:15:18Z
2024,Wisconsin,5957168,2025,Census PEP,2026-09-28T19:15:18Z
2024,Wyoming,586722,2025,Census PEP,2026-09-28T19:15:18Z
2025,Alabama,5193088,2025,Census PEP,2026-09-28T19:15:18Z
2025,Alaska,737270,2025,Census PEP,2026-09-28T19:15:18Z
2025,Arizona,7623818,2025,Census PEP,2026-09-28T19:15:18Z
2025,Arkansas,3114791,2025,Census PEP,2026-09-28T19:15:18Z
2025,California,39355309,2025,Census PEP,2026-09-28T19:15:18Z
2025,Colorado,6012561,2025,Census PEP,2026-09-28T19:15:18Z
2025,Connecticut,3688496,2025,Census PEP,2026-09-28T19:15:18Z
2025,Delaware,1059952,2025,Census PEP,2026-09-28T19:15:18Z
2025,District of Columbia,693645,2025,Census PEP,2026-09-28T19:15:18Z
2025,Florida,23462518,2025,Census PEP,2026-09-28T19:15:18Z
2025,Georgia,11302748,2025,Census PEP,2026-09-28T19:15:18Z
2025,Hawaii,1432820,2025,Census PEP,2026-09-28T19:15:18Z
2025,Idaho,2029733,2025,Census PEP,2026-09-28T19:15:18Z
2025,Illinois,12719141,2025,Census PEP,2026-09-28T19:15:18Z
2025,Indiana,6973333,2025,Census PEP,2026-09-28T19:15:18Z
2025,Iowa,3238387,2025,Census PEP,2026-09-28T19:15:18Z
2025,Kansas,2977220,2025,Census PEP,2026-09-28T19:15:18Z
2025,Kentucky,4606864,2025,Census PEP,2026-09-28T19:15:18Z
2025,Louisiana,4618189,2025,Census PEP,2026-09-28T19:15:18Z
2025,Maine,1414874,2025,Census PEP,2026-09-28T19:15:18Z
2025,Maryland,6265347,2025,Census PEP,2026-09-28T19:15:18Z
2025,Massachusetts,7154084,2025,Census PEP,2026-09-28T19:15:18Z
2025,Michigan,10127884,2025,Census PEP,2026-09-28T19:15:18Z
2025,Minnesota,5830405,2025,Census PEP,2026-09-28T19:15:18Z
2025,Mississippi,2954160,2025,Census PEP,2026-09-28T19:15:18Z
2025,Missouri,6270541,2025,Census PEP,2026-09-28T19:15:18Z
2025,Montana,1144694,2025,Census PEP,2026-09-28T19:15:18Z
2025,Nebraska,2018006,2025,Census PEP,2026-09-28T19:15:18Z
2025,Nevada,3282188,2025,Census PEP,2026-09-28T19:15:18Z
2025,New Hampshire,1415342,2025,Census PEP,2026-09-28T19:15:18Z
2025,New Jersey,9548215,2025,Census PEP,2026-09-28T19:15:18Z
2025,New Mexico,2125498,2025,Census PEP,2026-09-28T19:15:18Z
2025,New York,20002427,2025,Census PEP,2026-09-28T19:15:18Z
2025,North Carolina,11197968,2025,Census PEP,2026-09-28T19:15:18Z
2025,North Dakota,799358,2025,Census PEP,2026-09-28T19:15:18Z
2025,Ohio,11900510,2025,Census PEP,2026-09-28T19:15:18Z
2025,Oklahoma,4123288,2025,Census PEP,2026-09-28T19:15:18Z
2025,Oregon,4273586,2025,Census PEP,2026-09-28T19:15:18Z
2025,Pennsylvania,13059432,2025,Census PEP,2026-09-28T19:15:18Z
2025,Puerto Rico,3184835,2025,Census PEP,2026-09-28T19:15:18Z
2025,Rhode Island,1114521,2025,Census PEP,2026-09-28T19:15:18Z
2025,South Carolina,5570274,2025,Census PEP,2026-09-28T19:15:18Z
2025,South Dakota,935094,2025,Census PEP,2026-09-28T19:15:18Z
2025,Tennessee,7315076,2025,Census PEP,2026-09-28T19:15:18Z
2025,Texas,31709821,2025,Census PEP,2026-09-28T19:15:18Z
2025,United States,341784857,2025,Census PEP,2026-09-28T19:15:18Z
2025,Utah,3538904,2025,Census PEP,2026-09-28T19:15:18Z
2025,Vermont,644663,2025,Census PEP,2026-09-28T19:15:18Z
2025,Virginia,8880107,2025,Census PEP,2026-09-28T19:15:18Z
2025,Washington,8001020,2025,Census PEP,2026-09-28T19:15:18Z
2025,West Virginia,1766147,2025,Census PEP,2026-09-28T19:15:18Z
2025,Wisconsin,5972787,2025,Census PEP,2026-09-28T19:15:18Z
2025,Wyoming,588753,2025,Census PEP,2026-09-28T19:15:18Z
